{"stats":{"minecraft:crafted":{"minecraft:cherry_planks":212,"minecraft:oak_planks":108,"minecraft:stone_shovel":1,"minecraft:furnace":2,"minecraft:bone_meal":6,"minecraft:bow":1,"minecraft:iron_boots":1,"minecraft:stone_pickaxe":2,"minecraft:chest":3,"minecraft:crafting_table":1,"minecraft:spruce_planks":52,"minecraft:iron_helmet":1,"minecraft:wooden_pickaxe":1,"minecraft:cherry_button":26,"minecraft:cooked_salmon":69,"minecraft:bucket":1,"minecraft:stone_axe":5,"minecraft:air":0,"minecraft:iron_chestplate":1,"minecraft:stick":56,"minecraft:iron_ingot":96,"minecraft:iron_pickaxe":1,"minecraft:wooden_axe":1,"minecraft:gold_ingot":1,"minecraft:iron_leggings":1,"minecraft:torch":36,"minecraft:shears":1},"minecraft:dropped":{"minecraft:enchanted_book":2,"minecraft:brown_mushroom":1,"minecraft:wheat_seeds":3,"minecraft:cherry_log":6,"minecraft:diamond":1,"minecraft:feather":2,"minecraft:coal":30,"minecraft:red_mushroom":1,"minecraft:diorite":2,"minecraft:ink_sac":2,"minecraft:cherry_planks":52,"minecraft:cherry_leaves":79,"tombstone:grave_dust":3,"minecraft:cherry_button":52,"minecraft:string":5,"minecraft:spruce_sapling":1,"minecraft:gravel":6,"minecraft:blackstone":1,"minecraft:chicken":1,"minecraft:shears":1,"travelersbackpack:white_sleeping_bag":2,"minecraft:andesite":1,"minecraft:beetroot_seeds":5,"minecraft:bow":1,"minecraft:stone_pickaxe":1,"minecraft:calcite":1},"minecraft:mined":{"minecraft:cherry_log":53,"minecraft:dark_oak_log":1,"minecraft:grass_block":8,"minecraft:spruce_fence":2,"minecraft:spruce_leaves":4,"minecraft:large_fern":4,"minecraft:redstone_ore":1,"minecraft:furnace":2,"minecraft:iron_ore":66,"minecraft:snow":80,"minecraft:andesite":38,"minecraft:stripped_spruce_log":2,"minecraft:deepslate_lapis_ore":4,"minecraft:deepslate_iron_ore":29,"minecraft:pink_tulip":1,"minecraft:bamboo":1,"minecraft:stone":158,"minecraft:podzol":1,"minecraft:deepslate_redstone_ore":4,"minecraft:scaffolding":2,"minecraft:brown_mushroom":1,"minecraft:cherry_planks":3,"minecraft:red_bed":2,"minecraft:blackstone":1,"minecraft:snow_block":3,"minecraft:dandelion":1,"minecraft:crafting_table":6,"minecraft:torch":5,"minecraft:calcite":1,"minecraft:chest":6,"minecraft:tall_grass":65,"minecraft:copper_ore":3,"minecraft:cobblestone":4,"minecraft:deepslate_coal_ore":14,"minecraft:deepslate_gold_ore":1,"minecraft:lapis_ore":12,"minecraft:sugar_cane":1,"minecraft:diorite":3,"minecraft:wall_torch":4,"minecraft:pink_petals":15,"minecraft:chain":1,"minecraft:spruce_log":10,"minecraft:grass":243,"minecraft:coal_ore":94,"minecraft:oak_log":28,"minecraft:beetroots":2,"minecraft:cherry_leaves":165,"minecraft:gravel":14,"minecraft:sand":6,"minecraft:dirt":12,"minecraft:deepslate":23,"minecraft:fern":3},"minecraft:picked_up":{"minecraft:crafting_table":6,"minecraft:chicken":2,"minecraft:suspicious_stew":1,"minecraft:brown_mushroom":1,"minecraft:enchanted_book":2,"minecraft:potion":1,"minecraft:chain":1,"minecraft:red_bed":2,"minecraft:string":8,"minecraft:raw_copper":4,"minecraft:blackstone":1,"minecraft:beetroot":2,"minecraft:cobbled_deepslate":23,"minecraft:calcite":1,"minecraft:chest":6,"minecraft:sugar_cane":12,"minecraft:cherry_button":26,"minecraft:furnace":3,"minecraft:stick":17,"minecraft:raw_iron":95,"minecraft:torch":10,"minecraft:spruce_fence":2,"minecraft:porkchop":11,"minecraft:cherry_log":63,"tombstone:grave_dust":3,"minecraft:diorite":2,"minecraft:carrot":8,"minecraft:redstone":18,"minecraft:stone_sword":1,"minecraft:arrow":4,"minecraft:rotten_flesh":48,"minecraft:beetroot_seeds":12,"minecraft:shears":1,"minecraft:snowball":82,"minecraft:rail":3,"minecraft:cobblestone":212,"minecraft:feather":3,"minecraft:cherry_leaves":220,"minecraft:cherry_planks":55,"minecraft:salmon":72,"minecraft:andesite":52,"minecraft:red_mushroom":1,"minecraft:oak_log":27,"minecraft:gunpowder":4,"minecraft:lapis_lazuli":111,"minecraft:dirt":54,"minecraft:paper":3,"minecraft:bone":8,"minecraft:bow":1,"minecraft:wheat_seeds":14,"minecraft:raw_gold":1,"minecraft:oak_planks":13,"minecraft:book":2,"minecraft:gravel":7,"minecraft:sand":10,"minecraft:ink_sac":3,"minecraft:stripped_spruce_log":2,"minecraft:spruce_sapling":1,"minecraft:spruce_log":11,"travelersbackpack:white_sleeping_bag":2,"minecraft:bundle":2,"minecraft:diamond":2,"minecraft:grass":4,"minecraft:cherry_sapling":27,"minecraft:bone_meal":4,"minecraft:coal":175},"minecraft:killed":{"minecraft:witch":1,"minecraft:spider":1,"minecraft:skeleton":5,"minecraft:chicken":1,"minecraft:drowned":1,"minecraft:pig":3,"minecraft:salmon":81,"minecraft:creeper":1,"minecraft:zombie":14},"minecraft:broken":{"minecraft:leather_helmet":1,"minecraft:stone_sword":1,"minecraft:wooden_pickaxe":1,"minecraft:stone_pickaxe":1,"minecraft:stone_axe":4,"minecraft:wooden_axe":1},"minecraft:used":{"minecraft:stone_sword":91,"minecraft:stone_shovel":113,"minecraft:chest":9,"minecraft:cooked_salmon":53,"minecraft:torch":18,"minecraft:dirt":17,"minecraft:snowball":72,"minecraft:wooden_axe":34,"minecraft:lava_bucket":1,"minecraft:bow":1,"minecraft:furnace":3,"minecraft:beetroot_seeds":2,"tombstone:gift":6,"minecraft:water_bucket":40,"minecraft:stone_pickaxe":235,"minecraft:wooden_pickaxe":58,"minecraft:cherry_planks":115,"minecraft:crafting_table":7,"minecraft:red_bed":2,"minecraft:shears":151,"minecraft:iron_pickaxe":170,"minecraft:gravel":1,"minecraft:stone_axe":495,"minecraft:cobblestone":57,"minecraft:andesite":5,"minecraft:bucket":42},"minecraft:killed_by":{"minecraft:creeper":2,"minecraft:skeleton":3,"minecraft:zombie":2},"minecraft:custom":{"minecraft:mob_kills":111,"minecraft:interact_with_crafting_table":32,"minecraft:leave_game":1,"minecraft:time_since_death":38108,"minecraft:climb_one_cm":418,"minecraft:sprint_one_cm":319633,"minecraft:walk_one_cm":253024,"minecraft:drop":52,"minecraft:play_time":149301,"minecraft:deaths":7,"minecraft:sneak_time":5181,"minecraft:walk_under_water_one_cm":79037,"minecraft:jump":2406,"minecraft:walk_on_water_one_cm":47967,"minecraft:total_world_time":149301,"minecraft:interact_with_furnace":67,"tombstone:raider_killed":1,"minecraft:sleep_in_bed":1,"minecraft:time_since_rest":37031,"minecraft:damage_taken":5425,"minecraft:damage_absorbed":80,"minecraft:damage_dealt":7503,"minecraft:swim_one_cm":302585,"minecraft:fly_one_cm":360804,"minecraft:open_chest":26,"minecraft:crouch_one_cm":15768,"tombstone:undead_killed":20,"minecraft:fall_one_cm":55356}},"DataVersion":3465}