{"stats":{"minecraft:killed_by":{"minecraft:creeper":3,"minecraft:skeleton":3,"minecraft:zombie":4},"minecraft:broken":{"minecraft:leather_helmet":1,"minecraft:stone_sword":1,"minecraft:wooden_pickaxe":1,"minecraft:stone_pickaxe":1,"minecraft:stone_axe":5,"minecraft:wooden_axe":1},"minecraft:picked_up":{"minecraft:crafting_table":6,"minecraft:allium":1,"minecraft:wheat":2,"minecraft:chicken":2,"minecraft:suspicious_stew":1,"minecraft:brown_mushroom":1,"minecraft:potion":1,"minecraft:enchanted_book":2,"minecraft:chain":1,"minecraft:string":8,"minecraft:red_bed":2,"immersive_aircraft:biplane":2,"minecraft:raw_copper":19,"minecraft:blackstone":1,"minecraft:beetroot":10,"minecraft:cobbled_deepslate":27,"minecraft:calcite":1,"minecraft:sugar_cane":12,"minecraft:chest":6,"minecraft:cherry_button":26,"minecraft:furnace":4,"minecraft:stick":24,"minecraft:raw_iron":103,"minecraft:cherry_stairs":11,"minecraft:oak_door":1,"minecraft:torch":22,"minecraft:spruce_fence":3,"minecraft:porkchop":11,"minecraft:cherry_log":141,"tombstone:grave_dust":3,"minecraft:diorite":2,"minecraft:carrot":104,"minecraft:redstone":22,"minecraft:stone_sword":1,"minecraft:arrow":7,"minecraft:rotten_flesh":64,"minecraft:beetroot_seeds":30,"minecraft:peony":1,"minecraft:shears":1,"minecraft:obsidian":4,"minecraft:white_wool":11,"minecraft:snowball":82,"minecraft:rail":3,"minecraft:cobblestone":214,"minecraft:oxeye_daisy":1,"minecraft:pink_petals":25,"minecraft:feather":3,"minecraft:cherry_planks":67,"minecraft:andesite":52,"minecraft:cherry_leaves":241,"minecraft:salmon":72,"minecraft:red_mushroom":1,"minecraft:potato":1,"minecraft:oak_log":38,"minecraft:cherry_fence":8,"minecraft:gunpowder":4,"minecraft:lapis_lazuli":115,"minecraft:dirt":134,"minecraft:paper":3,"minecraft:bone":15,"minecraft:bow":1,"minecraft:wheat_seeds":50,"minecraft:raw_gold":9,"minecraft:iron_ingot":63,"minecraft:oak_planks":23,"minecraft:book":2,"minecraft:dandelion":1,"minecraft:gravel":7,"minecraft:sand":10,"minecraft:blast_furnace":1,"minecraft:stripped_spruce_log":2,"minecraft:spruce_sapling":1,"minecraft:ink_sac":3,"minecraft:spruce_log":11,"minecraft:dark_oak_log":8,"minecraft:spider_eye":1,"travelersbackpack:white_sleeping_bag":2,"minecraft:bundle":2,"minecraft:diamond":6,"minecraft:bone_meal":4,"minecraft:grass":16,"minecraft:cherry_sapling":31,"minecraft:coal":245},"minecraft:dropped":{"minecraft:enchanted_book":2,"minecraft:brown_mushroom":1,"minecraft:wheat_seeds":11,"minecraft:cherry_log":6,"minecraft:diamond":1,"minecraft:feather":2,"minecraft:coal":30,"minecraft:red_mushroom":1,"minecraft:diorite":2,"minecraft:ink_sac":2,"minecraft:cherry_planks":52,"minecraft:cherry_leaves":79,"tombstone:grave_dust":3,"minecraft:cherry_button":52,"minecraft:string":5,"minecraft:pink_petals":9,"minecraft:spruce_sapling":1,"minecraft:gravel":6,"minecraft:blackstone":1,"minecraft:stone_shovel":1,"minecraft:chicken":1,"minecraft:shears":1,"travelersbackpack:white_sleeping_bag":2,"minecraft:beetroot_seeds":5,"minecraft:andesite":1,"minecraft:bow":1,"minecraft:stone_pickaxe":2,"minecraft:calcite":1},"minecraft:killed":{"minecraft:witch":1,"minecraft:spider":2,"minecraft:skeleton":7,"minecraft:chicken":1,"minecraft:drowned":1,"minecraft:pig":3,"minecraft:salmon":81,"minecraft:creeper":1,"minecraft:zombie":23},"minecraft:mined":{"minecraft:cherry_log":131,"minecraft:dark_oak_log":9,"minecraft:grass_block":63,"minecraft:spruce_fence":3,"minecraft:spruce_leaves":4,"minecraft:spawner":1,"minecraft:large_fern":5,"minecraft:redstone_ore":1,"minecraft:furnace":2,"minecraft:carrots":24,"minecraft:iron_ore":71,"minecraft:snow":80,"minecraft:andesite":38,"minecraft:stripped_spruce_log":2,"minecraft:deepslate_lapis_ore":8,"minecraft:peony":1,"minecraft:deepslate_iron_ore":32,"minecraft:pink_tulip":1,"minecraft:bamboo":1,"minecraft:stone":160,"minecraft:cherry_stairs":11,"minecraft:podzol":1,"minecraft:deepslate_redstone_ore":9,"minecraft:brown_mushroom":1,"minecraft:scaffolding":2,"minecraft:cherry_planks":8,"minecraft:red_bed":2,"minecraft:blackstone":1,"minecraft:snow_block":3,"minecraft:dandelion":2,"minecraft:crafting_table":6,"minecraft:torch":9,"minecraft:blast_furnace":1,"minecraft:calcite":1,"minecraft:chest":6,"minecraft:copper_ore":8,"minecraft:tall_grass":113,"minecraft:cobblestone":4,"minecraft:deepslate_coal_ore":14,"minecraft:lapis_ore":12,"minecraft:deepslate_gold_ore":9,"minecraft:oak_planks":10,"minecraft:sugar_cane":1,"minecraft:diorite":3,"minecraft:wall_torch":8,"minecraft:pink_petals":24,"minecraft:chain":1,"minecraft:cherry_fence":7,"minecraft:wheat":2,"minecraft:spruce_log":10,"minecraft:grass":403,"minecraft:oak_log":39,"minecraft:coal_ore":103,"minecraft:beetroots":10,"minecraft:cherry_leaves":171,"minecraft:gravel":14,"minecraft:sand":6,"minecraft:dirt":22,"minecraft:deepslate":24,"minecraft:fern":3},"minecraft:custom":{"minecraft:mob_kills":123,"minecraft:interact_with_crafting_table":105,"minecraft:leave_game":2,"minecraft:time_since_death":3095,"minecraft:climb_one_cm":540,"minecraft:sprint_one_cm":613127,"minecraft:walk_one_cm":432370,"minecraft:drop":57,"minecraft:talked_to_villager":1,"minecraft:play_time":235502,"minecraft:sneak_time":6521,"minecraft:deaths":10,"minecraft:walk_under_water_one_cm":81812,"minecraft:jump":3695,"minecraft:interact_with_blast_furnace":1,"minecraft:walk_on_water_one_cm":55531,"minecraft:enchant_item":1,"minecraft:total_world_time":235502,"minecraft:interact_with_furnace":91,"tombstone:raider_killed":1,"minecraft:sleep_in_bed":6,"minecraft:time_since_rest":2826,"minecraft:damage_taken":7265,"minecraft:damage_absorbed":80,"minecraft:damage_dealt":9933,"minecraft:swim_one_cm":304247,"minecraft:fly_one_cm":608376,"minecraft:open_chest":85,"minecraft:crouch_one_cm":19645,"tombstone:undead_killed":31,"minecraft:fall_one_cm":92610,"minecraft:horse_one_cm":850},"minecraft:used":{"minecraft:stone_sword":91,"minecraft:enchanting_table":1,"minecraft:stone_shovel":224,"minecraft:chest":10,"minecraft:cooked_salmon":66,"minecraft:stone_hoe":51,"minecraft:oak_door":2,"minecraft:torch":58,"minecraft:dirt":62,"minecraft:carrot":55,"minecraft:snowball":72,"minecraft:wooden_axe":34,"minecraft:lava_bucket":3,"minecraft:iron_axe":94,"minecraft:bow":1,"minecraft:furnace":4,"minecraft:beetroot_seeds":21,"tombstone:gift":6,"immersive_aircraft:biplane":2,"minecraft:potato":1,"minecraft:cherry_fence":37,"minecraft:wheat_seeds":7,"minecraft:water_bucket":52,"minecraft:stone_pickaxe":235,"minecraft:wooden_pickaxe":58,"minecraft:cherry_planks":135,"minecraft:sugar_cane":6,"minecraft:crafting_table":7,"minecraft:red_bed":2,"minecraft:blast_furnace":1,"minecraft:shears":156,"minecraft:diamond_pickaxe":7,"minecraft:iron_pickaxe":209,"minecraft:gravel":1,"minecraft:stone_axe":771,"minecraft:cobblestone":57,"minecraft:cherry_stairs":84,"minecraft:cooked_porkchop":7,"minecraft:andesite":5,"minecraft:bucket":56,"minecraft:bone_meal":30},"minecraft:crafted":{"immersive_aircraft:engine":1,"minecraft:cherry_planks":516,"minecraft:oak_door":3,"minecraft:smooth_stone":3,"minecraft:oak_planks":108,"minecraft:stone_shovel":2,"immersive_aircraft:sail":2,"minecraft:furnace":4,"immersive_aircraft:biplane":1,"minecraft:blast_furnace":1,"minecraft:piston":2,"minecraft:stone":5,"minecraft:bone_meal":39,"minecraft:white_carpet":12,"minecraft:bow":1,"minecraft:iron_boots":1,"minecraft:iron_axe":1,"immersive_aircraft:hull":3,"minecraft:cherry_stairs":80,"minecraft:stone_pickaxe":3,"minecraft:chest":4,"minecraft:stone_hoe":1,"minecraft:cherry_fence":36,"minecraft:cooked_porkchop":11,"immersive_aircraft:boiler":1,"minecraft:crafting_table":1,"minecraft:spruce_planks":52,"minecraft:enchanting_table":1,"minecraft:iron_helmet":1,"minecraft:wooden_pickaxe":1,"minecraft:cherry_button":26,"minecraft:cooked_salmon":69,"minecraft:copper_ingot":15,"minecraft:bucket":2,"minecraft:stone_axe":6,"immersive_aircraft:propeller":1,"minecraft:air":0,"minecraft:iron_chestplate":1,"minecraft:diamond_pickaxe":1,"minecraft:stick":184,"minecraft:iron_ingot":126,"minecraft:iron_pickaxe":2,"minecraft:wooden_axe":1,"minecraft:iron_block":3,"minecraft:iron_leggings":1,"minecraft:gold_ingot":9,"minecraft:torch":36,"minecraft:shears":2}},"DataVersion":3465}