{"stats":{"minecraft:used":{"minecraft:wooden_axe":15,"minecraft:stone_pickaxe":104,"minecraft:wooden_pickaxe":8,"minecraft:cooked_salmon":6,"minecraft:stone_axe":52,"minecraft:cobblestone":21,"minecraft:crafting_table":1,"minecraft:furnace":1,"tombstone:gift":2},"minecraft:custom":{"minecraft:time_since_rest":21791,"minecraft:interact_with_furnace":9,"minecraft:sprint_one_cm":27414,"minecraft:damage_taken":735,"minecraft:walk_one_cm":33795,"minecraft:mob_kills":30,"minecraft:drop":2,"minecraft:damage_dealt":1001,"minecraft:swim_one_cm":96499,"minecraft:interact_with_crafting_table":8,"minecraft:fly_one_cm":31444,"minecraft:crouch_one_cm":97,"minecraft:play_time":23411,"tombstone:undead_killed":1,"minecraft:deaths":1,"minecraft:sneak_time":307,"minecraft:walk_under_water_one_cm":16439,"minecraft:jump":221,"minecraft:time_since_death":22042,"minecraft:walk_on_water_one_cm":8706,"minecraft:total_world_time":23411,"minecraft:fall_one_cm":3984},"minecraft:dropped":{"minecraft:andesite":1,"minecraft:stone_pickaxe":1},"minecraft:killed":{"minecraft:zombie":1,"minecraft:salmon":29},"minecraft:killed_by":{"minecraft:zombie":1},"minecraft:picked_up":{"minecraft:salmon":27,"minecraft:andesite":1,"minecraft:spruce_log":11,"minecraft:stripped_spruce_log":2,"minecraft:diorite":2,"minecraft:dirt":11,"minecraft:raw_copper":2,"minecraft:coal":14,"minecraft:cobblestone":101},"minecraft:mined":{"minecraft:spruce_log":10,"minecraft:andesite":1,"minecraft:stripped_spruce_log":2,"minecraft:grass_block":3,"minecraft:coal_ore":11,"minecraft:dirt":8,"minecraft:copper_ore":2,"minecraft:spruce_leaves":4,"minecraft:stone":95,"minecraft:diorite":3,"minecraft:fern":1},"minecraft:crafted":{"minecraft:crafting_table":1,"minecraft:spruce_planks":52,"minecraft:stick":16,"minecraft:wooden_pickaxe":1,"minecraft:stone_pickaxe":1,"minecraft:wooden_axe":1,"minecraft:furnace":1,"minecraft:cooked_salmon":11,"minecraft:stone_axe":2,"minecraft:air":0}},"DataVersion":3465}