{"stats":{"minecraft:killed_by":{"minecraft:creeper":6,"minecraft:skeleton":9,"minecraft:zombie":4},"minecraft:broken":{"minecraft:leather_helmet":1,"minecraft:stone_sword":1,"minecraft:wooden_pickaxe":1,"minecraft:stone_pickaxe":1,"minecraft:iron_axe":1,"minecraft:stone_axe":6,"minecraft:wooden_axe":1},"minecraft:picked_up":{"minecraft:iron_chestplate":1,"minecraft:crafting_table":6,"minecraft:wheat":12,"minecraft:allium":1,"minecraft:chicken":2,"minecraft:suspicious_stew":1,"minecraft:brown_mushroom":1,"minecraft:enchanted_book":2,"minecraft:potion":1,"minecraft:chain":1,"minecraft:cooked_salmon":3,"minecraft:string":8,"minecraft:red_bed":2,"minecraft:raw_copper":19,"minecraft:iron_axe":1,"immersive_aircraft:biplane":2,"minecraft:iron_leggings":1,"minecraft:white_carpet":6,"minecraft:blackstone":1,"minecraft:beetroot":26,"minecraft:cobbled_deepslate":27,"minecraft:bucket":1,"minecraft:calcite":1,"minecraft:iron_pickaxe":1,"minecraft:spruce_slab":4,"minecraft:sugar_cane":59,"minecraft:chest":6,"minecraft:cherry_button":26,"minecraft:iron_boots":1,"minecraft:furnace":4,"minecraft:raw_iron":108,"minecraft:stick":160,"minecraft:cherry_stairs":11,"minecraft:oak_door":1,"minecraft:torch":22,"minecraft:spruce_fence":3,"minecraft:porkchop":12,"minecraft:cherry_log":141,"tombstone:grave_dust":5,"minecraft:diorite":2,"minecraft:carrot":165,"minecraft:redstone":22,"minecraft:dark_oak_planks":4,"minecraft:stone_sword":1,"minecraft:arrow":15,"minecraft:stone_shovel":1,"minecraft:rotten_flesh":85,"minecraft:beetroot_seeds":69,"minecraft:peony":1,"minecraft:shears":3,"minecraft:obsidian":4,"minecraft:rail":3,"minecraft:snowball":82,"minecraft:white_wool":18,"minecraft:cobblestone":246,"minecraft:oxeye_daisy":1,"minecraft:pink_petals":25,"minecraft:jungle_log":3,"minecraft:feather":3,"minecraft:andesite":52,"minecraft:cherry_planks":67,"minecraft:cherry_leaves":241,"minecraft:water_bucket":1,"minecraft:salmon":72,"minecraft:red_mushroom":1,"minecraft:potato":9,"minecraft:oak_log":50,"minecraft:cherry_fence":13,"minecraft:gunpowder":4,"immersive_aircraft:gyrodyne":2,"minecraft:lapis_lazuli":115,"minecraft:dirt":178,"minecraft:paper":3,"minecraft:bone":20,"minecraft:bow":3,"minecraft:wheat_seeds":86,"minecraft:raw_gold":9,"minecraft:iron_ingot":89,"minecraft:oak_fence_gate":2,"minecraft:bamboo":6,"minecraft:stone_hoe":1,"minecraft:oak_planks":34,"minecraft:flowering_azalea":1,"minecraft:book":2,"minecraft:cooked_porkchop":2,"minecraft:sweet_berries":5,"minecraft:dandelion":1,"minecraft:poisonous_potato":1,"minecraft:gravel":7,"minecraft:sand":10,"minecraft:ink_sac":3,"minecraft:stripped_spruce_log":4,"minecraft:spruce_sapling":1,"minecraft:blast_furnace":1,"minecraft:spruce_log":11,"minecraft:dark_oak_log":8,"minecraft:spider_eye":3,"travelersbackpack:white_sleeping_bag":2,"minecraft:bundle":2,"minecraft:light_blue_terracotta":2,"minecraft:diamond":6,"minecraft:iron_helmet":1,"minecraft:bone_meal":4,"minecraft:grass":16,"minecraft:cherry_sapling":31,"minecraft:coal":264,"minecraft:diamond_pickaxe":1},"minecraft:dropped":{"minecraft:enchanted_book":2,"minecraft:brown_mushroom":1,"minecraft:wheat_seeds":11,"minecraft:cherry_log":6,"minecraft:diamond":1,"minecraft:feather":2,"minecraft:coal":30,"minecraft:red_mushroom":1,"minecraft:diorite":2,"minecraft:ink_sac":2,"minecraft:cherry_planks":52,"minecraft:cherry_leaves":79,"tombstone:grave_dust":3,"minecraft:cherry_button":52,"minecraft:flowering_azalea":1,"minecraft:string":5,"minecraft:dark_oak_planks":4,"minecraft:pink_petals":9,"minecraft:spruce_sapling":1,"minecraft:gravel":6,"minecraft:blackstone":1,"minecraft:stone_shovel":1,"minecraft:chicken":1,"minecraft:shears":1,"travelersbackpack:white_sleeping_bag":2,"minecraft:beetroot_seeds":10,"minecraft:andesite":1,"minecraft:bamboo":3,"minecraft:bow":1,"minecraft:stone_pickaxe":2,"minecraft:light_blue_terracotta":2,"minecraft:calcite":1},"minecraft:killed":{"minecraft:witch":1,"minecraft:spider":3,"minecraft:skeleton":11,"minecraft:chicken":1,"minecraft:drowned":1,"minecraft:pig":4,"minecraft:salmon":81,"minecraft:creeper":1,"minecraft:sheep":1,"minecraft:zombie":29},"minecraft:mined":{"minecraft:dark_oak_planks":2,"minecraft:cherry_log":131,"minecraft:dark_oak_log":9,"minecraft:spruce_fence":3,"minecraft:grass_block":70,"minecraft:spruce_leaves":4,"minecraft:spawner":1,"minecraft:large_fern":5,"minecraft:redstone_ore":1,"minecraft:furnace":2,"minecraft:carrots":41,"minecraft:iron_ore":71,"minecraft:snow":80,"minecraft:andesite":38,"minecraft:stripped_spruce_log":3,"minecraft:deepslate_lapis_ore":8,"minecraft:peony":2,"minecraft:potatoes":2,"minecraft:flowering_azalea_leaves":1,"minecraft:deepslate_iron_ore":32,"minecraft:pink_tulip":1,"minecraft:bamboo":2,"minecraft:stone":164,"minecraft:cherry_stairs":11,"minecraft:spruce_slab":1,"minecraft:podzol":1,"minecraft:deepslate_redstone_ore":9,"minecraft:brown_mushroom":1,"minecraft:scaffolding":2,"minecraft:cherry_planks":8,"minecraft:red_bed":2,"minecraft:blackstone":1,"minecraft:snow_block":3,"minecraft:dandelion":2,"minecraft:torch":9,"minecraft:crafting_table":6,"minecraft:blast_furnace":1,"minecraft:calcite":1,"minecraft:chest":6,"minecraft:copper_ore":8,"minecraft:tall_grass":144,"minecraft:cobblestone":7,"minecraft:deepslate_coal_ore":14,"minecraft:deepslate_gold_ore":9,"minecraft:lapis_ore":12,"minecraft:oak_planks":10,"minecraft:sugar_cane":18,"minecraft:diorite":3,"minecraft:wall_torch":8,"minecraft:pink_petals":24,"minecraft:light_blue_terracotta":2,"minecraft:chain":1,"minecraft:cherry_fence":7,"minecraft:sweet_berry_bush":2,"minecraft:wheat":12,"minecraft:spruce_log":10,"minecraft:grass":468,"minecraft:coal_ore":121,"minecraft:oak_log":52,"minecraft:beetroots":23,"minecraft:oak_fence_gate":2,"minecraft:cherry_leaves":171,"minecraft:gravel":14,"minecraft:sand":6,"minecraft:dirt":26,"minecraft:oak_leaves":1,"minecraft:deepslate":24,"minecraft:fern":3},"minecraft:custom":{"minecraft:mob_kills":138,"minecraft:animals_bred":2,"minecraft:interact_with_crafting_table":117,"minecraft:leave_game":4,"minecraft:time_since_death":11064,"minecraft:climb_one_cm":2594,"minecraft:sprint_one_cm":800369,"minecraft:walk_one_cm":632568,"minecraft:drop":63,"minecraft:talked_to_villager":1,"minecraft:play_time":311836,"minecraft:sneak_time":8068,"minecraft:deaths":20,"minecraft:walk_under_water_one_cm":82489,"minecraft:jump":5056,"minecraft:interact_with_blast_furnace":1,"minecraft:walk_on_water_one_cm":59146,"minecraft:enchant_item":1,"minecraft:total_world_time":311836,"minecraft:interact_with_furnace":99,"tombstone:raider_killed":1,"minecraft:sleep_in_bed":8,"minecraft:time_since_rest":10701,"minecraft:damage_taken":11051,"minecraft:damage_absorbed":80,"minecraft:damage_dealt":12792,"minecraft:swim_one_cm":315426,"minecraft:fly_one_cm":933446,"minecraft:open_chest":107,"minecraft:crouch_one_cm":21442,"tombstone:undead_killed":41,"minecraft:fall_one_cm":134108,"minecraft:horse_one_cm":850},"minecraft:used":{"minecraft:beetroot":1,"minecraft:stone_sword":91,"minecraft:enchanting_table":1,"minecraft:stone_shovel":229,"minecraft:chest":10,"minecraft:stone":2,"minecraft:cooked_salmon":69,"minecraft:rotten_flesh":1,"minecraft:stone_hoe":51,"minecraft:oak_door":2,"minecraft:torch":58,"minecraft:dirt":62,"minecraft:white_carpet":1,"minecraft:jungle_planks":12,"minecraft:carrot":77,"minecraft:snowball":72,"minecraft:oak_fence_gate":1,"minecraft:wooden_axe":34,"minecraft:lava_bucket":3,"minecraft:iron_axe":211,"minecraft:bow":1,"minecraft:sweet_berries":6,"minecraft:furnace":4,"minecraft:beetroot_seeds":25,"tombstone:gift":6,"minecraft:potato":9,"immersive_aircraft:biplane":2,"minecraft:cherry_fence":39,"minecraft:wheat_seeds":20,"minecraft:water_bucket":53,"minecraft:stone_pickaxe":235,"minecraft:wooden_pickaxe":58,"minecraft:cherry_planks":135,"minecraft:sugar_cane":29,"minecraft:crafting_table":8,"minecraft:red_bed":2,"minecraft:blast_furnace":1,"minecraft:shears":156,"minecraft:diamond_pickaxe":7,"minecraft:iron_pickaxe":239,"tombstone:grave_key":3,"minecraft:gravel":1,"minecraft:stone_axe":809,"minecraft:cherry_stairs":84,"minecraft:cobblestone":70,"minecraft:andesite":5,"immersive_aircraft:gyrodyne":2,"minecraft:cooked_porkchop":11,"minecraft:bucket":58,"minecraft:bone_meal":45},"minecraft:crafted":{"immersive_aircraft:engine":1,"minecraft:cherry_planks":516,"minecraft:oak_door":3,"minecraft:smooth_stone":3,"minecraft:oak_planks":108,"minecraft:stone_shovel":2,"immersive_aircraft:sail":2,"minecraft:furnace":4,"minecraft:blast_furnace":1,"minecraft:piston":2,"immersive_aircraft:biplane":1,"minecraft:stone":5,"minecraft:bone_meal":51,"minecraft:white_carpet":24,"minecraft:bow":1,"minecraft:iron_boots":1,"minecraft:iron_axe":1,"tombstone:grave_key":1,"minecraft:cherry_stairs":80,"immersive_aircraft:hull":5,"minecraft:stone_pickaxe":3,"minecraft:chest":4,"minecraft:stone_hoe":1,"minecraft:cherry_fence":36,"minecraft:cooked_porkchop":11,"immersive_aircraft:boiler":1,"minecraft:crafting_table":2,"minecraft:spruce_planks":52,"minecraft:enchanting_table":1,"minecraft:iron_helmet":1,"minecraft:wooden_pickaxe":1,"minecraft:cherry_button":26,"minecraft:cooked_salmon":69,"minecraft:copper_ingot":15,"minecraft:bucket":2,"minecraft:stone_axe":7,"immersive_aircraft:propeller":2,"minecraft:air":0,"minecraft:jungle_planks":12,"minecraft:iron_chestplate":1,"immersive_aircraft:gyrodyne":1,"minecraft:paper":15,"minecraft:diamond_pickaxe":1,"minecraft:stick":184,"minecraft:iron_ingot":131,"minecraft:iron_pickaxe":2,"minecraft:wooden_axe":1,"minecraft:iron_block":3,"minecraft:gold_ingot":9,"minecraft:iron_leggings":1,"minecraft:torch":36,"minecraft:shears":2}},"DataVersion":3465}