{"stats":{"minecraft:used":{"minecraft:wooden_axe":9,"minecraft:cobblestone":3,"minecraft:stone_pickaxe":87,"tombstone:gift":2,"minecraft:wooden_pickaxe":8},"minecraft:custom":{"minecraft:time_since_rest":9791,"minecraft:crouch_one_cm":57,"minecraft:walk_one_cm":19252,"minecraft:play_time":11411,"minecraft:sprint_one_cm":7482,"minecraft:damage_taken":395,"tombstone:undead_killed":1,"minecraft:deaths":1,"minecraft:sneak_time":89,"minecraft:mob_kills":1,"minecraft:drop":1,"minecraft:jump":64,"minecraft:walk_on_water_one_cm":950,"minecraft:damage_dealt":101,"minecraft:time_since_death":10042,"minecraft:total_world_time":11411,"minecraft:fly_one_cm":2204,"minecraft:interact_with_crafting_table":5,"minecraft:fall_one_cm":753},"minecraft:dropped":{"minecraft:andesite":1},"minecraft:killed":{"minecraft:zombie":1},"minecraft:killed_by":{"minecraft:zombie":1},"minecraft:picked_up":{"minecraft:andesite":1,"minecraft:diorite":1,"minecraft:stripped_spruce_log":2,"minecraft:spruce_log":11,"minecraft:coal":3,"minecraft:dirt":4,"minecraft:cobblestone":93},"minecraft:mined":{"minecraft:dirt":4,"minecraft:andesite":1,"minecraft:spruce_leaves":4,"minecraft:spruce_log":10,"minecraft:stone":91,"minecraft:stripped_spruce_log":2,"minecraft:diorite":3,"minecraft:fern":1},"minecraft:crafted":{"minecraft:stone_axe":1,"minecraft:spruce_planks":44,"minecraft:stick":8,"minecraft:wooden_pickaxe":1,"minecraft:stone_pickaxe":1,"minecraft:wooden_axe":1}},"DataVersion":3465}