{"stats":{"minecraft:crafted":{"minecraft:cherry_planks":40,"minecraft:oak_planks":40,"minecraft:stone_shovel":1,"minecraft:furnace":2,"minecraft:bone_meal":6,"minecraft:bow":1,"minecraft:iron_boots":1,"minecraft:stone_pickaxe":2,"minecraft:chest":1,"minecraft:crafting_table":1,"minecraft:spruce_planks":52,"minecraft:wooden_pickaxe":1,"minecraft:cooked_salmon":69,"minecraft:bucket":1,"minecraft:stone_axe":5,"minecraft:air":0,"minecraft:iron_chestplate":1,"minecraft:stick":56,"minecraft:iron_ingot":30,"minecraft:iron_pickaxe":1,"minecraft:wooden_axe":1,"minecraft:iron_leggings":1,"minecraft:torch":36},"minecraft:dropped":{"minecraft:brown_mushroom":1,"minecraft:wheat_seeds":1,"minecraft:diamond":1,"minecraft:feather":2,"minecraft:coal":30,"minecraft:red_mushroom":1,"minecraft:diorite":2,"minecraft:ink_sac":2,"tombstone:grave_dust":2,"minecraft:string":5,"minecraft:spruce_sapling":1,"minecraft:gravel":6,"minecraft:blackstone":1,"minecraft:chicken":1,"travelersbackpack:white_sleeping_bag":2,"minecraft:andesite":1,"minecraft:beetroot_seeds":5,"minecraft:stone_pickaxe":1,"minecraft:calcite":1},"minecraft:mined":{"minecraft:cherry_log":10,"minecraft:dark_oak_log":1,"minecraft:grass_block":8,"minecraft:spruce_fence":2,"minecraft:spruce_leaves":4,"minecraft:large_fern":4,"minecraft:redstone_ore":1,"minecraft:furnace":1,"minecraft:iron_ore":39,"minecraft:snow":80,"minecraft:andesite":19,"minecraft:stripped_spruce_log":2,"minecraft:deepslate_iron_ore":3,"minecraft:stone":157,"minecraft:podzol":1,"minecraft:deepslate_redstone_ore":4,"minecraft:brown_mushroom":1,"minecraft:red_bed":2,"minecraft:blackstone":1,"minecraft:snow_block":3,"minecraft:dandelion":1,"minecraft:crafting_table":5,"minecraft:calcite":1,"minecraft:chest":4,"minecraft:tall_grass":25,"minecraft:copper_ore":3,"minecraft:cobblestone":4,"minecraft:deepslate_coal_ore":3,"minecraft:lapis_ore":4,"minecraft:sugar_cane":1,"minecraft:diorite":3,"minecraft:wall_torch":2,"minecraft:chain":1,"minecraft:spruce_log":10,"minecraft:grass":25,"minecraft:coal_ore":94,"minecraft:oak_log":28,"minecraft:beetroots":2,"minecraft:gravel":14,"minecraft:sand":6,"minecraft:dirt":12,"minecraft:deepslate":2,"minecraft:fern":1},"minecraft:picked_up":{"minecraft:crafting_table":5,"minecraft:chicken":2,"minecraft:suspicious_stew":1,"minecraft:brown_mushroom":1,"minecraft:chain":1,"minecraft:red_bed":2,"minecraft:string":8,"minecraft:raw_copper":4,"minecraft:blackstone":1,"minecraft:beetroot":2,"minecraft:cobbled_deepslate":2,"minecraft:calcite":1,"minecraft:chest":4,"minecraft:sugar_cane":12,"minecraft:furnace":2,"minecraft:raw_iron":41,"minecraft:torch":3,"minecraft:spruce_fence":2,"minecraft:porkchop":11,"minecraft:cherry_log":10,"tombstone:grave_dust":1,"minecraft:diorite":2,"minecraft:carrot":8,"minecraft:redstone":18,"minecraft:stone_sword":1,"minecraft:arrow":2,"minecraft:rotten_flesh":36,"minecraft:beetroot_seeds":12,"minecraft:snowball":82,"minecraft:rail":3,"minecraft:cobblestone":212,"minecraft:feather":3,"minecraft:salmon":72,"minecraft:andesite":18,"minecraft:red_mushroom":1,"minecraft:oak_log":27,"minecraft:gunpowder":1,"minecraft:lapis_lazuli":30,"minecraft:dirt":54,"minecraft:paper":3,"minecraft:bone":4,"minecraft:bow":1,"minecraft:wheat_seeds":1,"minecraft:oak_planks":4,"minecraft:book":2,"minecraft:gravel":6,"minecraft:sand":10,"minecraft:ink_sac":3,"minecraft:stripped_spruce_log":2,"minecraft:spruce_sapling":1,"minecraft:spruce_log":11,"travelersbackpack:white_sleeping_bag":2,"minecraft:bundle":2,"minecraft:diamond":2,"minecraft:bone_meal":4,"minecraft:coal":155},"minecraft:broken":{"minecraft:wooden_pickaxe":1,"minecraft:stone_pickaxe":1,"minecraft:stone_axe":3,"minecraft:wooden_axe":1},"minecraft:killed":{"minecraft:spider":1,"minecraft:skeleton":1,"minecraft:chicken":1,"minecraft:drowned":1,"minecraft:pig":3,"minecraft:salmon":81,"minecraft:zombie":5},"minecraft:used":{"minecraft:stone_sword":43,"minecraft:stone_shovel":112,"minecraft:chest":5,"minecraft:cooked_salmon":37,"minecraft:torch":2,"minecraft:dirt":15,"minecraft:snowball":72,"minecraft:wooden_axe":34,"minecraft:bow":1,"minecraft:furnace":2,"minecraft:beetroot_seeds":2,"tombstone:gift":4,"minecraft:water_bucket":2,"minecraft:stone_pickaxe":235,"minecraft:wooden_pickaxe":58,"minecraft:crafting_table":6,"minecraft:red_bed":1,"minecraft:iron_pickaxe":48,"minecraft:stone_axe":234,"minecraft:cobblestone":42,"minecraft:bucket":3},"minecraft:killed_by":{"minecraft:creeper":2,"minecraft:skeleton":3,"minecraft:zombie":1},"minecraft:custom":{"minecraft:mob_kills":96,"minecraft:interact_with_crafting_table":26,"minecraft:leave_game":1,"minecraft:time_since_death":3792,"minecraft:climb_one_cm":418,"minecraft:sprint_one_cm":195048,"minecraft:walk_one_cm":162159,"minecraft:drop":27,"minecraft:play_time":107301,"minecraft:deaths":6,"minecraft:sneak_time":3735,"minecraft:walk_under_water_one_cm":66189,"minecraft:jump":1526,"minecraft:walk_on_water_one_cm":42211,"minecraft:total_world_time":107301,"minecraft:interact_with_furnace":36,"minecraft:sleep_in_bed":1,"minecraft:time_since_rest":3435,"minecraft:damage_taken":4048,"minecraft:damage_absorbed":80,"minecraft:damage_dealt":4734,"minecraft:swim_one_cm":298961,"minecraft:fly_one_cm":255458,"minecraft:open_chest":18,"minecraft:crouch_one_cm":11063,"tombstone:undead_killed":7,"minecraft:fall_one_cm":34545}},"DataVersion":3465}