{"stats":{"minecraft:crafted":{"minecraft:cherry_planks":284,"minecraft:oak_door":3,"minecraft:oak_planks":108,"minecraft:stone_shovel":2,"minecraft:furnace":2,"minecraft:bone_meal":24,"minecraft:bow":1,"minecraft:iron_boots":1,"minecraft:cherry_stairs":80,"minecraft:stone_pickaxe":3,"minecraft:chest":4,"minecraft:stone_hoe":1,"minecraft:cooked_porkchop":11,"minecraft:crafting_table":1,"minecraft:spruce_planks":52,"minecraft:iron_helmet":1,"minecraft:wooden_pickaxe":1,"minecraft:cherry_button":26,"minecraft:cooked_salmon":69,"minecraft:bucket":2,"minecraft:stone_axe":6,"immersive_aircraft:propeller":1,"minecraft:air":0,"minecraft:iron_chestplate":1,"minecraft:diamond_pickaxe":1,"minecraft:stick":56,"minecraft:iron_ingot":96,"minecraft:iron_pickaxe":2,"minecraft:wooden_axe":1,"minecraft:gold_ingot":1,"minecraft:iron_leggings":1,"minecraft:torch":36,"minecraft:shears":1},"minecraft:dropped":{"minecraft:enchanted_book":2,"minecraft:brown_mushroom":1,"minecraft:wheat_seeds":3,"minecraft:cherry_log":6,"minecraft:diamond":1,"minecraft:feather":2,"minecraft:coal":30,"minecraft:red_mushroom":1,"minecraft:diorite":2,"minecraft:ink_sac":2,"minecraft:cherry_planks":52,"minecraft:cherry_leaves":79,"tombstone:grave_dust":3,"minecraft:cherry_button":52,"minecraft:string":5,"minecraft:spruce_sapling":1,"minecraft:gravel":6,"minecraft:blackstone":1,"minecraft:stone_shovel":1,"minecraft:chicken":1,"minecraft:shears":1,"travelersbackpack:white_sleeping_bag":2,"minecraft:andesite":1,"minecraft:beetroot_seeds":5,"minecraft:bow":1,"minecraft:stone_pickaxe":2,"minecraft:calcite":1},"minecraft:mined":{"minecraft:cherry_log":71,"minecraft:dark_oak_log":1,"minecraft:grass_block":26,"minecraft:spruce_fence":2,"minecraft:spruce_leaves":4,"minecraft:spawner":1,"minecraft:large_fern":4,"minecraft:redstone_ore":1,"minecraft:furnace":2,"minecraft:carrots":8,"minecraft:iron_ore":66,"minecraft:snow":80,"minecraft:andesite":38,"minecraft:stripped_spruce_log":2,"minecraft:deepslate_lapis_ore":8,"minecraft:deepslate_iron_ore":32,"minecraft:pink_tulip":1,"minecraft:bamboo":1,"minecraft:stone":158,"minecraft:cherry_stairs":11,"minecraft:podzol":1,"minecraft:deepslate_redstone_ore":9,"minecraft:scaffolding":2,"minecraft:brown_mushroom":1,"minecraft:cherry_planks":8,"minecraft:red_bed":2,"minecraft:blackstone":1,"minecraft:snow_block":3,"minecraft:dandelion":1,"minecraft:crafting_table":6,"minecraft:torch":8,"minecraft:calcite":1,"minecraft:chest":6,"minecraft:tall_grass":72,"minecraft:copper_ore":3,"minecraft:cobblestone":4,"minecraft:deepslate_coal_ore":14,"minecraft:deepslate_gold_ore":9,"minecraft:lapis_ore":12,"minecraft:oak_planks":10,"minecraft:sugar_cane":1,"minecraft:diorite":3,"minecraft:wall_torch":8,"minecraft:pink_petals":16,"minecraft:chain":1,"minecraft:spruce_log":10,"minecraft:grass":282,"minecraft:coal_ore":94,"minecraft:oak_log":28,"minecraft:beetroots":2,"minecraft:cherry_leaves":166,"minecraft:gravel":14,"minecraft:sand":6,"minecraft:dirt":22,"minecraft:deepslate":24,"minecraft:fern":3},"minecraft:picked_up":{"minecraft:crafting_table":6,"minecraft:chicken":2,"minecraft:suspicious_stew":1,"minecraft:brown_mushroom":1,"minecraft:enchanted_book":2,"minecraft:potion":1,"minecraft:chain":1,"minecraft:red_bed":2,"minecraft:string":8,"minecraft:raw_copper":4,"minecraft:blackstone":1,"minecraft:beetroot":2,"minecraft:cobbled_deepslate":27,"minecraft:calcite":1,"minecraft:chest":6,"minecraft:sugar_cane":12,"minecraft:cherry_button":26,"minecraft:furnace":4,"minecraft:stick":17,"minecraft:raw_iron":98,"minecraft:cherry_stairs":11,"minecraft:oak_door":1,"minecraft:torch":21,"minecraft:spruce_fence":2,"minecraft:porkchop":11,"minecraft:cherry_log":81,"tombstone:grave_dust":3,"minecraft:diorite":2,"minecraft:carrot":35,"minecraft:redstone":22,"minecraft:stone_sword":1,"minecraft:arrow":5,"minecraft:rotten_flesh":57,"minecraft:beetroot_seeds":12,"minecraft:shears":1,"minecraft:snowball":82,"minecraft:rail":3,"minecraft:cobblestone":212,"minecraft:pink_petals":1,"minecraft:feather":3,"minecraft:cherry_leaves":241,"minecraft:cherry_planks":67,"minecraft:salmon":72,"minecraft:andesite":52,"minecraft:red_mushroom":1,"minecraft:oak_log":27,"minecraft:gunpowder":4,"minecraft:lapis_lazuli":115,"minecraft:dirt":90,"minecraft:paper":3,"minecraft:bone":10,"minecraft:bow":1,"minecraft:wheat_seeds":22,"minecraft:raw_gold":9,"minecraft:iron_ingot":63,"minecraft:oak_planks":23,"minecraft:book":2,"minecraft:gravel":7,"minecraft:sand":10,"minecraft:ink_sac":3,"minecraft:stripped_spruce_log":2,"minecraft:spruce_sapling":1,"minecraft:spruce_log":11,"travelersbackpack:white_sleeping_bag":2,"minecraft:bundle":2,"minecraft:diamond":5,"minecraft:grass":8,"minecraft:cherry_sapling":27,"minecraft:bone_meal":4,"minecraft:coal":237},"minecraft:killed":{"minecraft:witch":1,"minecraft:spider":1,"minecraft:skeleton":6,"minecraft:chicken":1,"minecraft:drowned":1,"minecraft:pig":3,"minecraft:salmon":81,"minecraft:creeper":1,"minecraft:zombie":21},"minecraft:broken":{"minecraft:leather_helmet":1,"minecraft:stone_sword":1,"minecraft:wooden_pickaxe":1,"minecraft:stone_pickaxe":1,"minecraft:stone_axe":5,"minecraft:wooden_axe":1},"minecraft:used":{"minecraft:stone_sword":91,"minecraft:stone_shovel":170,"minecraft:chest":10,"minecraft:cooked_salmon":66,"minecraft:stone_hoe":44,"minecraft:oak_door":2,"minecraft:torch":56,"minecraft:dirt":41,"minecraft:carrot":35,"minecraft:snowball":72,"minecraft:wooden_axe":34,"minecraft:lava_bucket":2,"minecraft:bow":1,"minecraft:furnace":4,"minecraft:beetroot_seeds":7,"tombstone:gift":6,"minecraft:wheat_seeds":2,"minecraft:water_bucket":51,"minecraft:stone_pickaxe":235,"minecraft:wooden_pickaxe":58,"minecraft:cherry_planks":135,"minecraft:crafting_table":7,"minecraft:red_bed":2,"minecraft:shears":151,"minecraft:iron_pickaxe":193,"minecraft:gravel":1,"minecraft:stone_axe":625,"minecraft:cherry_stairs":84,"minecraft:cobblestone":57,"minecraft:andesite":5,"minecraft:bucket":55,"minecraft:bone_meal":18},"minecraft:killed_by":{"minecraft:creeper":3,"minecraft:skeleton":3,"minecraft:zombie":2},"minecraft:custom":{"minecraft:mob_kills":119,"minecraft:interact_with_crafting_table":53,"minecraft:leave_game":1,"minecraft:time_since_death":18217,"minecraft:climb_one_cm":540,"minecraft:sprint_one_cm":459294,"minecraft:walk_one_cm":341778,"minecraft:drop":54,"minecraft:talked_to_villager":1,"minecraft:play_time":185301,"minecraft:deaths":8,"minecraft:sneak_time":5878,"minecraft:walk_under_water_one_cm":81812,"minecraft:jump":2952,"minecraft:walk_on_water_one_cm":55131,"minecraft:total_world_time":185301,"minecraft:interact_with_furnace":73,"tombstone:raider_killed":1,"minecraft:sleep_in_bed":3,"minecraft:time_since_rest":1459,"minecraft:damage_taken":6456,"minecraft:damage_absorbed":80,"minecraft:damage_dealt":9114,"minecraft:swim_one_cm":304247,"minecraft:fly_one_cm":454911,"minecraft:open_chest":46,"minecraft:crouch_one_cm":18423,"tombstone:undead_killed":28,"minecraft:fall_one_cm":67914}},"DataVersion":3465}