{"stats":{"minecraft:broken":{"minecraft:stone_axe":2,"minecraft:wooden_axe":1},"minecraft:used":{"minecraft:stone_shovel":96,"minecraft:stone_pickaxe":104,"minecraft:chest":3,"minecraft:wooden_pickaxe":15,"minecraft:cooked_salmon":18,"minecraft:dirt":2,"minecraft:crafting_table":4,"minecraft:snowball":28,"minecraft:wooden_axe":34,"minecraft:stone_axe":185,"minecraft:cobblestone":23,"minecraft:furnace":1,"tombstone:gift":4},"minecraft:custom":{"minecraft:interact_with_furnace":24,"minecraft:mob_kills":87,"minecraft:interact_with_crafting_table":14,"minecraft:time_since_death":11056,"minecraft:time_since_rest":10301,"minecraft:sprint_one_cm":89036,"minecraft:damage_taken":2230,"minecraft:walk_one_cm":61564,"minecraft:drop":14,"minecraft:damage_dealt":3376,"minecraft:swim_one_cm":292965,"minecraft:fly_one_cm":117050,"minecraft:open_chest":9,"minecraft:crouch_one_cm":480,"minecraft:play_time":59411,"tombstone:undead_killed":5,"minecraft:deaths":4,"minecraft:sneak_time":695,"minecraft:walk_under_water_one_cm":56207,"minecraft:jump":701,"minecraft:walk_on_water_one_cm":38444,"minecraft:total_world_time":59411,"minecraft:fall_one_cm":11450},"minecraft:dropped":{"minecraft:blackstone":1,"minecraft:brown_mushroom":1,"minecraft:wheat_seeds":1,"minecraft:coal":30,"minecraft:red_mushroom":1,"minecraft:diorite":2,"travelersbackpack:white_sleeping_bag":2,"minecraft:andesite":1,"tombstone:grave_dust":1,"minecraft:stone_pickaxe":1,"minecraft:calcite":1,"minecraft:spruce_sapling":1},"minecraft:killed":{"minecraft:salmon":81,"minecraft:zombie":4,"minecraft:chicken":1,"minecraft:drowned":1},"minecraft:killed_by":{"minecraft:skeleton":2,"minecraft:creeper":1,"minecraft:zombie":1},"minecraft:picked_up":{"minecraft:crafting_table":3,"minecraft:feather":1,"minecraft:chicken":1,"minecraft:andesite":1,"minecraft:salmon":72,"minecraft:brown_mushroom":1,"minecraft:red_mushroom":1,"minecraft:dirt":52,"minecraft:raw_copper":2,"minecraft:bone":2,"minecraft:blackstone":1,"minecraft:wheat_seeds":1,"minecraft:calcite":1,"minecraft:chest":2,"minecraft:sugar_cane":6,"minecraft:furnace":1,"minecraft:torch":1,"minecraft:sand":5,"minecraft:spruce_sapling":1,"minecraft:stripped_spruce_log":2,"minecraft:ink_sac":1,"minecraft:diorite":2,"minecraft:spruce_log":11,"travelersbackpack:white_sleeping_bag":2,"minecraft:bundle":1,"minecraft:stone_sword":1,"minecraft:arrow":1,"minecraft:rotten_flesh":4,"minecraft:bone_meal":2,"minecraft:coal":56,"minecraft:snowball":82,"minecraft:cobblestone":108},"minecraft:mined":{"minecraft:podzol":1,"minecraft:brown_mushroom":1,"minecraft:blackstone":1,"minecraft:snow_block":3,"minecraft:crafting_table":3,"minecraft:grass_block":8,"minecraft:calcite":1,"minecraft:chest":2,"minecraft:copper_ore":2,"minecraft:cobblestone":3,"minecraft:spruce_leaves":4,"minecraft:sugar_cane":1,"minecraft:diorite":3,"minecraft:large_fern":1,"minecraft:furnace":1,"minecraft:snow":80,"minecraft:spruce_log":10,"minecraft:andesite":1,"minecraft:stripped_spruce_log":2,"minecraft:coal_ore":11,"minecraft:sand":6,"minecraft:dirt":10,"minecraft:stone":95,"minecraft:fern":1},"minecraft:crafted":{"minecraft:stone_shovel":1,"minecraft:crafting_table":1,"minecraft:spruce_planks":52,"minecraft:wooden_pickaxe":1,"minecraft:furnace":1,"minecraft:cooked_salmon":69,"minecraft:stone_axe":4,"minecraft:air":0,"minecraft:stick":20,"minecraft:stone_pickaxe":2,"minecraft:wooden_axe":1,"minecraft:chest":1}},"DataVersion":3465}