{"stats":{"minecraft:broken":{"minecraft:stone_axe":2,"minecraft:wooden_axe":1},"minecraft:used":{"minecraft:stone_shovel":96,"minecraft:stone_pickaxe":104,"minecraft:wooden_pickaxe":11,"minecraft:cooked_salmon":14,"minecraft:crafting_table":3,"minecraft:snowball":28,"minecraft:wooden_axe":34,"minecraft:stone_axe":182,"minecraft:cobblestone":21,"minecraft:furnace":1,"tombstone:gift":2},"minecraft:custom":{"minecraft:interact_with_furnace":21,"minecraft:mob_kills":86,"minecraft:interact_with_crafting_table":11,"minecraft:time_since_death":3758,"minecraft:time_since_rest":3490,"minecraft:sprint_one_cm":81911,"minecraft:damage_taken":1585,"minecraft:walk_one_cm":51856,"minecraft:drop":2,"minecraft:damage_dealt":3324,"minecraft:swim_one_cm":258306,"minecraft:fly_one_cm":110683,"minecraft:open_chest":1,"minecraft:crouch_one_cm":370,"minecraft:play_time":47411,"tombstone:undead_killed":4,"minecraft:deaths":2,"minecraft:sneak_time":583,"minecraft:walk_under_water_one_cm":46854,"minecraft:jump":591,"minecraft:walk_on_water_one_cm":30308,"minecraft:total_world_time":47411,"minecraft:fall_one_cm":9842},"minecraft:dropped":{"minecraft:andesite":1,"minecraft:stone_pickaxe":1},"minecraft:killed":{"minecraft:salmon":81,"minecraft:zombie":3,"minecraft:chicken":1,"minecraft:drowned":1},"minecraft:killed_by":{"minecraft:creeper":1,"minecraft:zombie":1},"minecraft:picked_up":{"minecraft:crafting_table":3,"minecraft:feather":1,"minecraft:chicken":1,"minecraft:andesite":1,"minecraft:salmon":72,"minecraft:brown_mushroom":1,"minecraft:red_mushroom":1,"minecraft:dirt":51,"minecraft:raw_copper":2,"minecraft:blackstone":1,"minecraft:calcite":1,"minecraft:sugar_cane":6,"minecraft:furnace":1,"minecraft:sand":5,"minecraft:spruce_sapling":1,"minecraft:stripped_spruce_log":2,"minecraft:ink_sac":1,"minecraft:diorite":2,"minecraft:spruce_log":11,"minecraft:bundle":1,"minecraft:rotten_flesh":4,"minecraft:bone_meal":2,"minecraft:coal":14,"minecraft:snowball":82,"minecraft:cobblestone":101},"minecraft:mined":{"minecraft:brown_mushroom":1,"minecraft:blackstone":1,"minecraft:snow_block":3,"minecraft:crafting_table":3,"minecraft:grass_block":8,"minecraft:calcite":1,"minecraft:copper_ore":2,"minecraft:spruce_leaves":4,"minecraft:sugar_cane":1,"minecraft:diorite":3,"minecraft:furnace":1,"minecraft:snow":80,"minecraft:spruce_log":10,"minecraft:andesite":1,"minecraft:stripped_spruce_log":2,"minecraft:coal_ore":11,"minecraft:sand":6,"minecraft:dirt":10,"minecraft:stone":95,"minecraft:fern":1},"minecraft:crafted":{"minecraft:stone_shovel":1,"minecraft:crafting_table":1,"minecraft:spruce_planks":52,"minecraft:wooden_pickaxe":1,"minecraft:furnace":1,"minecraft:cooked_salmon":69,"minecraft:stone_axe":3,"minecraft:air":0,"minecraft:stick":16,"minecraft:stone_pickaxe":2,"minecraft:wooden_axe":1}},"DataVersion":3465}