{"stats":{"minecraft:crafted":{"minecraft:cherry_planks":40,"minecraft:stone_shovel":1,"minecraft:crafting_table":1,"minecraft:spruce_planks":52,"minecraft:wooden_pickaxe":1,"minecraft:furnace":1,"minecraft:cooked_salmon":69,"minecraft:bone_meal":6,"minecraft:stone_axe":4,"minecraft:air":0,"minecraft:bow":1,"minecraft:stick":24,"minecraft:stone_pickaxe":2,"minecraft:wooden_axe":1,"minecraft:chest":1},"minecraft:dropped":{"minecraft:blackstone":1,"minecraft:brown_mushroom":1,"minecraft:wheat_seeds":1,"minecraft:diamond":1,"minecraft:chicken":1,"minecraft:feather":2,"minecraft:coal":30,"minecraft:red_mushroom":1,"minecraft:diorite":2,"minecraft:ink_sac":2,"travelersbackpack:white_sleeping_bag":2,"minecraft:beetroot_seeds":5,"minecraft:andesite":1,"tombstone:grave_dust":2,"minecraft:stone_pickaxe":1,"minecraft:calcite":1,"minecraft:string":5,"minecraft:spruce_sapling":1},"minecraft:mined":{"minecraft:podzol":1,"minecraft:brown_mushroom":1,"minecraft:red_bed":2,"minecraft:blackstone":1,"minecraft:snow_block":3,"minecraft:cherry_log":10,"minecraft:dark_oak_log":1,"minecraft:dandelion":1,"minecraft:crafting_table":5,"minecraft:spruce_fence":2,"minecraft:grass_block":8,"minecraft:calcite":1,"minecraft:chest":3,"minecraft:copper_ore":2,"minecraft:tall_grass":25,"minecraft:cobblestone":3,"minecraft:deepslate_coal_ore":3,"minecraft:spruce_leaves":4,"minecraft:sugar_cane":1,"minecraft:diorite":3,"minecraft:large_fern":4,"minecraft:furnace":1,"minecraft:spruce_log":10,"minecraft:stripped_spruce_log":2,"minecraft:snow":80,"minecraft:andesite":1,"minecraft:grass":25,"minecraft:coal_ore":40,"minecraft:beetroots":2,"minecraft:sand":6,"minecraft:dirt":10,"minecraft:stone":95,"minecraft:fern":1},"minecraft:picked_up":{"minecraft:crafting_table":5,"minecraft:feather":3,"minecraft:chicken":2,"minecraft:suspicious_stew":1,"minecraft:andesite":1,"minecraft:salmon":72,"minecraft:brown_mushroom":1,"minecraft:red_mushroom":1,"minecraft:paper":3,"minecraft:dirt":52,"minecraft:string":8,"minecraft:red_bed":2,"minecraft:raw_copper":4,"minecraft:bone":4,"minecraft:blackstone":1,"minecraft:beetroot":2,"minecraft:wheat_seeds":1,"minecraft:calcite":1,"minecraft:sugar_cane":12,"minecraft:chest":3,"minecraft:furnace":2,"minecraft:book":2,"minecraft:torch":1,"minecraft:spruce_fence":2,"minecraft:porkchop":11,"minecraft:sand":10,"minecraft:cherry_log":10,"minecraft:stripped_spruce_log":2,"minecraft:spruce_sapling":1,"tombstone:grave_dust":1,"minecraft:ink_sac":3,"minecraft:diorite":2,"minecraft:spruce_log":11,"minecraft:carrot":8,"travelersbackpack:white_sleeping_bag":2,"minecraft:bundle":2,"minecraft:stone_sword":1,"minecraft:arrow":2,"minecraft:rotten_flesh":33,"minecraft:diamond":2,"minecraft:beetroot_seeds":12,"minecraft:bone_meal":4,"minecraft:coal":103,"minecraft:snowball":82,"minecraft:cobblestone":159},"minecraft:broken":{"minecraft:stone_axe":2,"minecraft:wooden_axe":1},"minecraft:killed":{"minecraft:pig":3,"minecraft:salmon":81,"minecraft:spider":1,"minecraft:zombie":4,"minecraft:chicken":1,"minecraft:drowned":1},"minecraft:used":{"minecraft:stone_sword":23,"minecraft:stone_pickaxe":104,"minecraft:stone_shovel":96,"minecraft:chest":3,"minecraft:wooden_pickaxe":47,"minecraft:cooked_salmon":29,"minecraft:dirt":2,"minecraft:crafting_table":5,"minecraft:red_bed":1,"minecraft:snowball":72,"minecraft:wooden_axe":34,"minecraft:stone_axe":205,"minecraft:cobblestone":23,"minecraft:furnace":1,"minecraft:beetroot_seeds":2,"tombstone:gift":4},"minecraft:killed_by":{"minecraft:skeleton":2,"minecraft:creeper":1,"minecraft:zombie":1},"minecraft:custom":{"minecraft:interact_with_furnace":24,"minecraft:mob_kills":91,"minecraft:interact_with_crafting_table":16,"minecraft:leave_game":1,"minecraft:time_since_death":34946,"minecraft:sleep_in_bed":1,"minecraft:climb_one_cm":418,"minecraft:time_since_rest":6575,"minecraft:sprint_one_cm":150016,"minecraft:damage_taken":3033,"minecraft:walk_one_cm":102877,"minecraft:damage_dealt":3999,"minecraft:drop":25,"minecraft:swim_one_cm":298961,"minecraft:fly_one_cm":203171,"minecraft:open_chest":12,"minecraft:crouch_one_cm":1039,"minecraft:play_time":83301,"minecraft:sneak_time":907,"tombstone:undead_killed":5,"minecraft:deaths":4,"minecraft:walk_under_water_one_cm":66189,"minecraft:jump":1117,"minecraft:walk_on_water_one_cm":41652,"minecraft:total_world_time":83301,"minecraft:fall_one_cm":25724}},"DataVersion":3465}