{"stats":{"minecraft:broken":{"minecraft:stone_pickaxe":1},"minecraft:custom":{"minecraft:interact_with_furnace":16,"minecraft:mob_kills":28,"minecraft:interact_with_crafting_table":6,"minecraft:time_since_death":14047,"minecraft:time_since_rest":13944,"minecraft:sprint_one_cm":128709,"minecraft:damage_taken":1885,"minecraft:walk_one_cm":60870,"minecraft:drop":12,"minecraft:damage_dealt":3237,"minecraft:swim_one_cm":11886,"minecraft:fly_one_cm":221863,"minecraft:crouch_one_cm":3124,"minecraft:play_time":46951,"tombstone:undead_killed":3,"minecraft:deaths":4,"minecraft:sneak_time":1119,"minecraft:walk_under_water_one_cm":5946,"minecraft:jump":1019,"minecraft:walk_on_water_one_cm":4801,"minecraft:total_world_time":46951,"minecraft:fall_one_cm":30063},"minecraft:used":{"minecraft:moss_block":1,"minecraft:cooked_mutton":5,"minecraft:diorite":1,"minecraft:pink_tulip":1,"minecraft:stone_sword":49,"minecraft:stone_pickaxe":300,"minecraft:wooden_pickaxe":15,"minecraft:netherrack":1,"minecraft:cooked_chicken":4,"minecraft:torch":5,"minecraft:dirt":2,"minecraft:crafting_table":3,"minecraft:granite":6,"minecraft:spruce_sapling":1,"minecraft:stone_axe":29,"minecraft:wooden_sword":32,"minecraft:cobblestone":78,"minecraft:furnace":3,"minecraft:andesite":1,"tombstone:gift":2,"minecraft:cooked_beef":2},"minecraft:dropped":{"minecraft:moss_carpet":2,"minecraft:moss_block":18,"minecraft:brown_mushroom":1,"minecraft:feather":2,"minecraft:rotten_flesh":2,"minecraft:diorite":16,"minecraft:wooden_axe":1,"minecraft:wooden_sword":2,"minecraft:arrow":2,"minecraft:wooden_pickaxe":1},"minecraft:killed":{"minecraft:pig":8,"minecraft:spider":2,"minecraft:creeper":1,"minecraft:sheep":3,"minecraft:skeleton":1,"minecraft:zombie":2,"minecraft:chicken":8,"minecraft:cow":3},"minecraft:killed_by":{"minecraft:skeleton":2,"minecraft:zombie":2},"minecraft:picked_up":{"minecraft:crafting_table":3,"minecraft:feather":8,"minecraft:chicken":8,"minecraft:andesite":1,"minecraft:leather":2,"minecraft:brown_mushroom":1,"minecraft:gunpowder":1,"minecraft:dirt":2,"minecraft:string":4,"minecraft:moss_carpet":2,"minecraft:raw_copper":62,"minecraft:wooden_sword":1,"minecraft:bone":2,"minecraft:beef":8,"minecraft:moss_block":19,"minecraft:furnace":2,"minecraft:raw_iron":16,"minecraft:torch":1,"minecraft:porkchop":15,"tombstone:grave_dust":1,"minecraft:diorite":17,"minecraft:spruce_log":24,"minecraft:dark_oak_log":8,"minecraft:arrow":2,"minecraft:rotten_flesh":2,"minecraft:granite":6,"minecraft:pink_tulip":1,"minecraft:netherrack":1,"minecraft:mutton":5,"minecraft:coal":42,"minecraft:white_wool":3,"minecraft:cobblestone":196},"minecraft:mined":{"minecraft:dark_oak_log":8,"minecraft:crafting_table":3,"minecraft:granite":6,"minecraft:grass_block":1,"minecraft:copper_ore":16,"minecraft:cobblestone":1,"minecraft:spruce_leaves":1,"minecraft:moss_block":19,"minecraft:diorite":16,"minecraft:wall_torch":1,"minecraft:large_fern":1,"minecraft:furnace":2,"minecraft:iron_ore":16,"minecraft:spruce_log":25,"minecraft:coal_ore":45,"minecraft:dirt":2,"minecraft:pink_tulip":1,"minecraft:stone":208,"minecraft:netherrack":1,"minecraft:fern":2},"minecraft:crafted":{"minecraft:cooked_beef":6,"minecraft:wooden_sword":1,"minecraft:crafting_table":1,"minecraft:spruce_planks":96,"minecraft:wooden_pickaxe":1,"minecraft:cooked_chicken":4,"minecraft:furnace":1,"minecraft:stone_axe":1,"minecraft:cooked_mutton":5,"minecraft:air":0,"minecraft:stick":24,"minecraft:stone_pickaxe":4,"minecraft:wooden_axe":1,"minecraft:stone_sword":1,"minecraft:dark_oak_planks":32,"minecraft:torch":20}},"DataVersion":3465}