{"stats":{"minecraft:broken":{"minecraft:stone_pickaxe":1},"minecraft:used":{"minecraft:diorite":1,"minecraft:stone_pickaxe":139,"minecraft:wooden_pickaxe":15,"minecraft:spruce_sapling":1,"minecraft:andesite":1,"tombstone:gift":2},"minecraft:custom":{"minecraft:time_since_rest":9979,"minecraft:sprint_one_cm":22389,"minecraft:damage_taken":280,"minecraft:walk_one_cm":14819,"minecraft:drop":2,"minecraft:damage_dealt":126,"minecraft:interact_with_crafting_table":3,"minecraft:swim_one_cm":108,"minecraft:fly_one_cm":4412,"minecraft:crouch_one_cm":169,"minecraft:play_time":10951,"minecraft:deaths":1,"minecraft:sneak_time":40,"minecraft:walk_under_water_one_cm":232,"minecraft:jump":61,"minecraft:time_since_death":10266,"minecraft:walk_on_water_one_cm":692,"minecraft:total_world_time":10951,"minecraft:fall_one_cm":209},"minecraft:dropped":{"minecraft:wooden_axe":1,"minecraft:wooden_pickaxe":1},"minecraft:killed_by":{"minecraft:zombie":1},"minecraft:picked_up":{"minecraft:andesite":1,"minecraft:diorite":4,"minecraft:spruce_log":6,"minecraft:granite":6,"minecraft:coal":17,"minecraft:cobblestone":115},"minecraft:mined":{"minecraft:spruce_log":7,"minecraft:granite":6,"minecraft:coal_ore":20,"minecraft:spruce_leaves":1,"minecraft:stone":125,"minecraft:diorite":2,"minecraft:fern":1},"minecraft:crafted":{"minecraft:wooden_sword":1,"minecraft:spruce_planks":24,"minecraft:stick":12,"minecraft:wooden_pickaxe":1,"minecraft:stone_pickaxe":2,"minecraft:wooden_axe":1,"minecraft:torch":4,"minecraft:stone_axe":1}},"DataVersion":3465}