{"stats":{"minecraft:broken":{"minecraft:stone_pickaxe":1},"minecraft:custom":{"minecraft:interact_with_furnace":34,"minecraft:mob_kills":29,"minecraft:interact_with_crafting_table":12,"minecraft:time_since_death":26047,"minecraft:sleep_in_bed":1,"minecraft:time_since_rest":7096,"minecraft:sprint_one_cm":135940,"minecraft:damage_taken":1923,"minecraft:walk_one_cm":68898,"minecraft:drop":19,"minecraft:damage_dealt":3257,"minecraft:swim_one_cm":32619,"minecraft:fly_one_cm":225082,"minecraft:open_chest":2,"minecraft:crouch_one_cm":4258,"minecraft:play_time":58951,"tombstone:undead_killed":4,"minecraft:deaths":4,"minecraft:sneak_time":1604,"minecraft:walk_under_water_one_cm":6954,"minecraft:jump":1070,"minecraft:walk_on_water_one_cm":7123,"minecraft:total_world_time":58951,"minecraft:fall_one_cm":30750},"minecraft:used":{"minecraft:moss_block":1,"minecraft:cooked_mutton":5,"minecraft:diorite":1,"minecraft:pink_tulip":1,"minecraft:stone_sword":51,"minecraft:stone_pickaxe":308,"minecraft:spruce_planks":11,"minecraft:wooden_pickaxe":15,"minecraft:netherrack":1,"minecraft:cooked_chicken":4,"minecraft:torch":7,"minecraft:dirt":2,"minecraft:crafting_table":4,"minecraft:granite":6,"minecraft:dark_oak_planks":18,"minecraft:iron_pickaxe":1,"travelersbackpack:white_sleeping_bag":2,"minecraft:spruce_sapling":1,"minecraft:stone_axe":30,"minecraft:wooden_sword":32,"minecraft:cobblestone":113,"minecraft:furnace":3,"minecraft:andesite":1,"tombstone:gift":2,"minecraft:cooked_beef":4},"minecraft:dropped":{"minecraft:moss_carpet":2,"minecraft:moss_block":18,"minecraft:brown_mushroom":1,"minecraft:stone_sword":1,"minecraft:cobblestone":2,"minecraft:feather":8,"minecraft:rotten_flesh":2,"minecraft:gunpowder":1,"minecraft:diorite":16,"minecraft:wooden_axe":1,"tombstone:grave_dust":2,"minecraft:wooden_sword":2,"minecraft:arrow":3,"minecraft:wooden_pickaxe":1,"minecraft:bone":2},"minecraft:killed":{"minecraft:pig":8,"minecraft:spider":2,"minecraft:creeper":1,"minecraft:sheep":3,"minecraft:skeleton":2,"minecraft:zombie":2,"minecraft:chicken":8,"minecraft:cow":3},"minecraft:killed_by":{"minecraft:skeleton":2,"minecraft:zombie":2},"minecraft:picked_up":{"minecraft:crafting_table":4,"minecraft:feather":8,"minecraft:chicken":8,"minecraft:andesite":1,"minecraft:leather":2,"minecraft:brown_mushroom":1,"minecraft:gunpowder":1,"minecraft:dirt":2,"minecraft:string":4,"minecraft:moss_carpet":2,"minecraft:raw_copper":62,"minecraft:wooden_sword":1,"minecraft:bone":2,"minecraft:beef":8,"minecraft:moss_block":19,"minecraft:furnace":3,"minecraft:raw_iron":16,"minecraft:torch":1,"minecraft:porkchop":15,"tombstone:grave_dust":1,"minecraft:diorite":17,"minecraft:spruce_log":24,"minecraft:dark_oak_log":8,"travelersbackpack:white_sleeping_bag":1,"minecraft:arrow":3,"minecraft:rotten_flesh":2,"minecraft:granite":6,"minecraft:pink_tulip":1,"minecraft:netherrack":1,"minecraft:mutton":5,"minecraft:coal":57,"minecraft:white_wool":3,"minecraft:cobblestone":202},"minecraft:mined":{"minecraft:dark_oak_log":8,"minecraft:crafting_table":4,"minecraft:granite":6,"minecraft:grass_block":1,"travelersbackpack:white_sleeping_bag":1,"minecraft:copper_ore":16,"minecraft:cobblestone":9,"minecraft:spruce_leaves":1,"minecraft:moss_block":19,"minecraft:diorite":16,"minecraft:wall_torch":1,"minecraft:large_fern":1,"minecraft:furnace":3,"minecraft:iron_ore":16,"minecraft:spruce_log":25,"minecraft:coal_ore":45,"minecraft:dirt":2,"minecraft:pink_tulip":1,"minecraft:stone":208,"minecraft:netherrack":1,"minecraft:fern":2},"minecraft:crafted":{"minecraft:cooked_beef":8,"minecraft:wooden_sword":1,"minecraft:cooked_porkchop":15,"minecraft:crafting_table":1,"minecraft:spruce_planks":96,"minecraft:iron_sword":1,"minecraft:wooden_pickaxe":1,"minecraft:cooked_chicken":8,"minecraft:furnace":1,"minecraft:stone_axe":1,"minecraft:cooked_mutton":5,"minecraft:air":0,"travelersbackpack:white_sleeping_bag":1,"minecraft:iron_chestplate":1,"minecraft:stick":24,"minecraft:iron_ingot":16,"minecraft:iron_pickaxe":1,"minecraft:stone_pickaxe":4,"minecraft:wooden_axe":1,"minecraft:stone_sword":1,"minecraft:dark_oak_planks":32,"minecraft:torch":20}},"DataVersion":3465}