{"stats":{"minecraft:broken":{"minecraft:stone_pickaxe":1},"minecraft:custom":{"minecraft:interact_with_anvil":1,"minecraft:mob_kills":51,"minecraft:interact_with_crafting_table":12,"minecraft:open_barrel":3,"minecraft:eat_cake_slice":4,"minecraft:leave_game":1,"minecraft:time_since_death":50180,"minecraft:climb_one_cm":2947,"minecraft:sprint_one_cm":249698,"minecraft:walk_one_cm":106349,"minecraft:drop":53,"minecraft:talked_to_villager":7,"minecraft:play_time":83084,"minecraft:deaths":4,"minecraft:sneak_time":1892,"minecraft:walk_under_water_one_cm":7040,"minecraft:jump":1791,"minecraft:walk_on_water_one_cm":10010,"minecraft:total_world_time":83084,"minecraft:interact_with_furnace":34,"minecraft:sleep_in_bed":4,"minecraft:time_since_rest":6818,"minecraft:damage_taken":2804,"minecraft:damage_dealt":5491,"minecraft:swim_one_cm":33068,"minecraft:fly_one_cm":384493,"minecraft:open_chest":17,"minecraft:crouch_one_cm":5087,"tombstone:undead_killed":5,"minecraft:fall_one_cm":55871},"minecraft:used":{"minecraft:moss_block":1,"minecraft:stone_sword":51,"minecraft:spruce_planks":11,"minecraft:iron_sword":56,"minecraft:cooked_chicken":7,"minecraft:netherrack":1,"minecraft:torch":20,"minecraft:dirt":2,"minecraft:granite":6,"minecraft:dark_oak_planks":18,"minecraft:furnace":3,"tombstone:gift":2,"minecraft:cooked_beef":8,"minecraft:cooked_mutton":5,"minecraft:diorite":1,"minecraft:pink_tulip":1,"minecraft:stone_pickaxe":341,"minecraft:wooden_pickaxe":15,"minecraft:black_glazed_terracotta":9,"minecraft:crafting_table":4,"minecraft:bread":6,"minecraft:iron_pickaxe":32,"travelersbackpack:white_sleeping_bag":3,"minecraft:spruce_sapling":1,"minecraft:stone_axe":61,"minecraft:wooden_sword":32,"minecraft:cobblestone":166,"minecraft:cooked_porkchop":1,"minecraft:andesite":1},"minecraft:dropped":{"minecraft:porkchop":7,"minecraft:moss_block":18,"minecraft:brown_mushroom":1,"minecraft:lilac":1,"minecraft:diamond":1,"minecraft:feather":9,"minecraft:cobblestone":5,"minecraft:book":2,"minecraft:coal":15,"minecraft:diorite":16,"minecraft:wooden_axe":1,"minecraft:brown_wool":1,"tombstone:grave_dust":3,"minecraft:wooden_sword":2,"minecraft:bone_meal":2,"minecraft:paper":3,"minecraft:string":4,"minecraft:gray_carpet":1,"minecraft:bone":4,"minecraft:furnace":1,"minecraft:moss_carpet":2,"minecraft:sugar_cane":6,"minecraft:stone_sword":1,"minecraft:cobbled_deepslate":2,"minecraft:chicken":1,"minecraft:rotten_flesh":30,"minecraft:beehive":1,"minecraft:spruce_fence":2,"minecraft:salmon":3,"minecraft:carrot":8,"minecraft:suspicious_stew":1,"minecraft:poppy":3,"minecraft:gunpowder":1,"minecraft:honey_block":1,"minecraft:andesite_stairs":1,"minecraft:spruce_slab":1,"minecraft:arrow":5,"minecraft:stone_pickaxe":3,"minecraft:wooden_pickaxe":1},"minecraft:killed":{"minecraft:spider":2,"minecraft:skeleton":3,"minecraft:chicken":8,"minecraft:pig":19,"minecraft:creeper":1,"minecraft:sheep":12,"minecraft:zombie":2,"minecraft:cow":4},"minecraft:killed_by":{"minecraft:skeleton":2,"minecraft:zombie":2},"minecraft:picked_up":{"minecraft:crafting_table":4,"minecraft:chicken":9,"minecraft:suspicious_stew":1,"minecraft:brown_mushroom":1,"minecraft:wooden_sword":1,"minecraft:string":4,"minecraft:raw_copper":62,"minecraft:moss_carpet":2,"minecraft:cobbled_deepslate":3,"minecraft:black_glazed_terracotta":53,"minecraft:spruce_planks":24,"minecraft:andesite_stairs":1,"minecraft:beef":10,"minecraft:poppy":3,"minecraft:spruce_slab":1,"minecraft:sugar_cane":6,"minecraft:furnace":4,"minecraft:beehive":1,"minecraft:raw_iron":16,"minecraft:torch":1,"minecraft:spruce_fence":2,"minecraft:porkchop":35,"minecraft:cherry_log":22,"tombstone:grave_dust":2,"minecraft:diorite":17,"minecraft:carrot":8,"minecraft:dark_oak_planks":1,"minecraft:arrow":5,"minecraft:rotten_flesh":30,"minecraft:pink_tulip":1,"minecraft:mutton":19,"minecraft:white_wool":9,"minecraft:cobblestone":208,"minecraft:feather":9,"minecraft:lilac":1,"minecraft:andesite":1,"minecraft:salmon":3,"minecraft:brown_wool":2,"minecraft:leather":4,"minecraft:gunpowder":1,"minecraft:dirt":2,"minecraft:paper":3,"minecraft:bone":4,"minecraft:gray_carpet":1,"minecraft:stone_pickaxe":2,"minecraft:grindstone":1,"minecraft:moss_block":19,"minecraft:spruce_log":24,"minecraft:dark_oak_log":12,"travelersbackpack:white_sleeping_bag":3,"minecraft:diamond":1,"minecraft:honey_block":1,"minecraft:granite":6,"minecraft:bone_meal":2,"minecraft:black_wool":1,"minecraft:damaged_anvil":1,"minecraft:netherrack":1,"minecraft:coal":72},"minecraft:mined":{"minecraft:dark_oak_planks":1,"minecraft:diamond_ore":1,"minecraft:andesite_stairs":1,"minecraft:cherry_log":22,"minecraft:dark_oak_log":12,"minecraft:granite":6,"minecraft:spruce_fence":2,"minecraft:grass_block":1,"travelersbackpack:white_sleeping_bag":3,"minecraft:spruce_leaves":1,"minecraft:moss_block":19,"minecraft:large_fern":1,"minecraft:furnace":3,"minecraft:black_glazed_terracotta":53,"minecraft:iron_ore":16,"minecraft:cobbled_deepslate":1,"minecraft:pink_tulip":1,"minecraft:stone":209,"minecraft:spruce_slab":1,"minecraft:brown_stained_glass_pane":2,"minecraft:crafting_table":4,"minecraft:honey_block":1,"minecraft:white_stained_glass_pane":1,"minecraft:copper_ore":16,"minecraft:cobblestone":13,"minecraft:grindstone":1,"minecraft:damaged_anvil":1,"minecraft:diorite":16,"minecraft:wall_torch":1,"minecraft:beehive":1,"minecraft:lilac":1,"minecraft:spruce_log":25,"minecraft:grass":3,"minecraft:coal_ore":45,"minecraft:cherry_leaves":2,"minecraft:dirt":2,"minecraft:red_mushroom_block":1,"minecraft:netherrack":1,"minecraft:oak_leaves":2,"minecraft:fern":2},"minecraft:crafted":{"minecraft:cherry_planks":88,"minecraft:wooden_sword":1,"minecraft:cooked_chicken":8,"minecraft:furnace":1,"minecraft:cooked_mutton":5,"travelersbackpack:white_sleeping_bag":1,"minecraft:stone_pickaxe":4,"minecraft:dark_oak_planks":48,"minecraft:cooked_beef":8,"minecraft:cooked_porkchop":15,"minecraft:crafting_table":1,"minecraft:spruce_planks":96,"minecraft:wooden_pickaxe":1,"minecraft:iron_sword":1,"minecraft:stone_axe":1,"minecraft:air":0,"minecraft:iron_chestplate":1,"minecraft:stick":24,"minecraft:iron_ingot":16,"minecraft:iron_pickaxe":1,"minecraft:wooden_axe":1,"minecraft:stone_sword":1,"minecraft:torch":20}},"DataVersion":3465}