{"stats":{"minecraft:broken":{"minecraft:stone_pickaxe":1},"minecraft:used":{"minecraft:diorite":1,"minecraft:stone_pickaxe":295,"minecraft:wooden_pickaxe":15,"minecraft:spruce_sapling":1,"minecraft:stone_axe":1,"minecraft:torch":4,"minecraft:wooden_sword":6,"minecraft:dirt":2,"minecraft:cobblestone":56,"minecraft:crafting_table":1,"minecraft:andesite":1,"tombstone:gift":2,"minecraft:granite":6},"minecraft:custom":{"minecraft:time_since_rest":21979,"minecraft:sprint_one_cm":28127,"minecraft:damage_taken":475,"minecraft:walk_one_cm":31513,"minecraft:mob_kills":2,"minecraft:drop":2,"minecraft:damage_dealt":366,"minecraft:interact_with_crafting_table":4,"minecraft:swim_one_cm":550,"minecraft:fly_one_cm":6499,"minecraft:crouch_one_cm":2254,"minecraft:play_time":22951,"tombstone:undead_killed":1,"minecraft:deaths":1,"minecraft:sneak_time":586,"minecraft:walk_under_water_one_cm":2250,"minecraft:jump":175,"minecraft:time_since_death":22266,"minecraft:walk_on_water_one_cm":1716,"minecraft:total_world_time":22951,"minecraft:fall_one_cm":1463},"minecraft:dropped":{"minecraft:wooden_axe":1,"minecraft:wooden_pickaxe":1},"minecraft:killed":{"minecraft:skeleton":1,"minecraft:chicken":1},"minecraft:killed_by":{"minecraft:zombie":1},"minecraft:picked_up":{"minecraft:raw_iron":16,"minecraft:crafting_table":1,"minecraft:chicken":1,"minecraft:andesite":1,"tombstone:grave_dust":1,"minecraft:diorite":17,"minecraft:spruce_log":6,"minecraft:dirt":2,"minecraft:raw_copper":62,"minecraft:bone":2,"minecraft:arrow":2,"minecraft:granite":6,"minecraft:coal":42,"minecraft:cobblestone":195},"minecraft:mined":{"minecraft:iron_ore":16,"minecraft:spruce_log":7,"minecraft:crafting_table":1,"minecraft:granite":6,"minecraft:grass_block":1,"minecraft:coal_ore":45,"minecraft:dirt":2,"minecraft:copper_ore":16,"minecraft:spruce_leaves":1,"minecraft:stone":208,"minecraft:diorite":16,"minecraft:fern":1},"minecraft:crafted":{"minecraft:wooden_sword":1,"minecraft:crafting_table":1,"minecraft:spruce_planks":24,"minecraft:stick":20,"minecraft:wooden_pickaxe":1,"minecraft:stone_pickaxe":4,"minecraft:wooden_axe":1,"minecraft:torch":20,"minecraft:stone_axe":1}},"DataVersion":3465}