{"stats":{"minecraft:used":{"minecraft:crafting_table":1,"tombstone:gift":2},"minecraft:custom":{"minecraft:time_since_rest":1215,"minecraft:crouch_one_cm":246,"minecraft:sprint_one_cm":7424,"minecraft:play_time":7378,"minecraft:deaths":1,"minecraft:damage_taken":253,"minecraft:walk_one_cm":25842,"minecraft:sneak_time":44,"minecraft:drop":2,"tombstone:tomb_raiding":1,"minecraft:jump":73,"minecraft:damage_dealt":209,"minecraft:leave_game":1,"minecraft:time_since_death":1544,"minecraft:total_world_time":7378,"minecraft:interact_with_crafting_table":2,"minecraft:fly_one_cm":1631,"minecraft:player_kills":1},"minecraft:dropped":{"minecraft:wheat_seeds":2},"minecraft:killed_by":{"minecraft:player":1},"minecraft:picked_up":{"minecraft:stick":14,"minecraft:wooden_pickaxe":1,"minecraft:wheat_seeds":4,"minecraft:spruce_planks":21,"minecraft:spruce_sapling":1,"minecraft:spruce_log":7,"minecraft:string":1,"minecraft:dirt":2},"minecraft:mined":{"minecraft:grass_block":1,"minecraft:spruce_log":10,"minecraft:fern":2},"minecraft:crafted":{"minecraft:crafting_table":1,"minecraft:spruce_planks":32,"minecraft:stick":8,"minecraft:wooden_pickaxe":1}},"DataVersion":3465}