{"stats":{"minecraft:crafted":{"minecraft:crafting_table":4,"minecraft:spruce_planks":44,"minecraft:wooden_pickaxe":2,"minecraft:baked_potato":9,"minecraft:cooked_salmon":5,"minecraft:copper_ingot":1,"minecraft:birch_planks":40,"minecraft:stone_axe":2,"minecraft:cooked_mutton":13,"minecraft:air":0,"minecraft:stick":28,"minecraft:stone_pickaxe":4,"minecraft:stone_sword":2,"minecraft:dark_oak_planks":8},"minecraft:dropped":{"minecraft:stone_axe":1,"minecraft:sweet_berries":2,"minecraft:birch_planks":2,"minecraft:wheat_seeds":6,"minecraft:stone_sword":1,"minecraft:raw_copper":1,"minecraft:cobblestone":1,"minecraft:dirt":2,"minecraft:diorite":1,"minecraft:bundle":1,"minecraft:andesite":2,"tombstone:grave_key":1,"minecraft:gray_bed":1,"minecraft:cooked_salmon":2,"minecraft:wooden_pickaxe":2,"minecraft:stone_pickaxe":8},"minecraft:mined":{"minecraft:dark_oak_log":13,"minecraft:crafting_table":3,"minecraft:glow_lichen":1,"minecraft:dark_oak_wood":2,"minecraft:grass_block":8,"minecraft:calcite":25,"minecraft:mushroom_stem":4,"minecraft:tall_grass":1,"minecraft:copper_ore":14,"minecraft:cobblestone":2,"minecraft:deepslate_coal_ore":4,"minecraft:spruce_leaves":1,"minecraft:moss_block":3,"minecraft:diorite":68,"minecraft:pink_petals":1,"minecraft:large_fern":1,"minecraft:furnace":1,"minecraft:birch_log":14,"minecraft:iron_ore":7,"minecraft:sweet_berry_bush":14,"minecraft:gray_bed":2,"minecraft:spruce_log":13,"minecraft:andesite":2,"minecraft:grass":10,"minecraft:coal_ore":94,"minecraft:dirt":10,"minecraft:tripwire_hook":2,"minecraft:red_mushroom_block":1,"minecraft:stone":119,"minecraft:polished_andesite":2,"minecraft:fern":6},"minecraft:picked_up":{"minecraft:birch_log":10,"minecraft:pink_petals":2,"minecraft:crafting_table":3,"minecraft:tripwire_hook":2,"minecraft:andesite":2,"minecraft:wooden_pickaxe":1,"minecraft:birch_planks":2,"minecraft:dirt":22,"minecraft:string":2,"minecraft:moss_carpet":3,"minecraft:raw_copper":44,"minecraft:cooked_salmon":2,"minecraft:bone":4,"minecraft:wheat_seeds":8,"minecraft:spruce_planks":21,"minecraft:stone_pickaxe":8,"minecraft:calcite":31,"minecraft:gray_bed":3,"minecraft:moss_block":33,"minecraft:furnace":1,"minecraft:stick":17,"minecraft:raw_iron":7,"minecraft:sweet_berries":33,"minecraft:spruce_sapling":5,"tombstone:grave_dust":2,"minecraft:diorite":69,"minecraft:spruce_log":10,"minecraft:dark_oak_log":13,"minecraft:spider_eye":1,"minecraft:bundle":2,"minecraft:polished_andesite":2,"minecraft:stone_sword":1,"minecraft:arrow":3,"minecraft:rotten_flesh":3,"minecraft:stone_axe":1,"minecraft:bread":2,"minecraft:dark_oak_wood":2,"minecraft:mutton":13,"minecraft:coal":98,"minecraft:white_wool":9,"minecraft:cobblestone":112},"minecraft:killed":{"minecraft:spider":1,"minecraft:sheep":9,"minecraft:zombie":4},"minecraft:broken":{"minecraft:stone_pickaxe":2},"minecraft:used":{"minecraft:diorite":13,"minecraft:stone_sword":96,"minecraft:stone_pickaxe":372,"minecraft:wooden_pickaxe":17,"minecraft:cooked_salmon":3,"minecraft:dirt":12,"minecraft:crafting_table":6,"minecraft:apple":4,"minecraft:pink_petals":2,"minecraft:tripwire_hook":2,"minecraft:stone_axe":33,"minecraft:sweet_berries":4,"minecraft:furnace":1,"minecraft:gray_bed":2,"tombstone:gift":4},"minecraft:killed_by":{"minecraft:player":1,"minecraft:skeleton":7,"minecraft:creeper":1,"minecraft:zombie":2},"minecraft:custom":{"minecraft:interact_with_furnace":13,"minecraft:mob_kills":14,"minecraft:interact_with_crafting_table":18,"minecraft:open_barrel":3,"minecraft:leave_game":3,"minecraft:time_since_death":8179,"minecraft:sleep_in_bed":1,"minecraft:climb_one_cm":1536,"minecraft:time_since_rest":6536,"minecraft:sprint_one_cm":245360,"minecraft:damage_taken":3667,"minecraft:walk_one_cm":272359,"minecraft:drop":30,"minecraft:damage_dealt":2373,"minecraft:fly_one_cm":101958,"minecraft:player_kills":1,"minecraft:open_chest":2,"minecraft:crouch_one_cm":2342,"minecraft:play_time":90667,"tombstone:undead_killed":4,"minecraft:deaths":13,"minecraft:sneak_time":388,"minecraft:walk_under_water_one_cm":5968,"tombstone:tomb_raiding":1,"minecraft:jump":1277,"minecraft:walk_on_water_one_cm":8265,"minecraft:total_world_time":90667,"minecraft:fall_one_cm":16836}},"DataVersion":3465}