{"stats":{"minecraft:used":{"minecraft:stone_pickaxe":30,"minecraft:wooden_pickaxe":9,"minecraft:dirt":3,"minecraft:crafting_table":1,"tombstone:gift":2},"minecraft:custom":{"minecraft:time_since_rest":11957,"minecraft:sprint_one_cm":17515,"minecraft:damage_taken":493,"minecraft:walk_one_cm":44600,"minecraft:mob_kills":1,"minecraft:drop":5,"minecraft:damage_dealt":528,"minecraft:player_kills":1,"minecraft:interact_with_crafting_table":8,"minecraft:fly_one_cm":3710,"minecraft:crouch_one_cm":246,"minecraft:play_time":18120,"tombstone:undead_killed":1,"minecraft:deaths":1,"minecraft:sneak_time":44,"tombstone:tomb_raiding":1,"minecraft:jump":128,"minecraft:leave_game":2,"minecraft:time_since_death":12286,"minecraft:total_world_time":18120,"minecraft:fall_one_cm":418},"minecraft:dropped":{"minecraft:wheat_seeds":2,"minecraft:stone_pickaxe":2,"minecraft:wooden_pickaxe":1},"minecraft:killed":{"minecraft:zombie":1},"minecraft:killed_by":{"minecraft:player":1},"minecraft:picked_up":{"minecraft:stick":17,"minecraft:wooden_pickaxe":1,"minecraft:spruce_sapling":5,"tombstone:grave_dust":2,"minecraft:spruce_log":7,"minecraft:dirt":8,"minecraft:string":1,"minecraft:bundle":1,"minecraft:rotten_flesh":3,"minecraft:wheat_seeds":4,"minecraft:spruce_planks":21,"minecraft:stone_pickaxe":2,"minecraft:cobblestone":19},"minecraft:mined":{"minecraft:spruce_log":10,"minecraft:grass_block":4,"minecraft:dirt":3,"minecraft:stone":19,"minecraft:fern":2},"minecraft:crafted":{"minecraft:crafting_table":1,"minecraft:spruce_planks":32,"minecraft:stick":8,"minecraft:wooden_pickaxe":1,"minecraft:stone_pickaxe":1}},"DataVersion":3465}