{"stats":{"minecraft:used":{"minecraft:stone_pickaxe":33,"minecraft:wooden_pickaxe":9,"minecraft:dirt":3,"minecraft:crafting_table":1,"tombstone:gift":2},"minecraft:custom":{"minecraft:time_since_rest":17023,"minecraft:sprint_one_cm":23551,"minecraft:damage_taken":493,"minecraft:walk_one_cm":56865,"minecraft:mob_kills":1,"minecraft:drop":9,"minecraft:damage_dealt":528,"minecraft:interact_with_crafting_table":8,"minecraft:fly_one_cm":3972,"minecraft:player_kills":1,"minecraft:crouch_one_cm":246,"minecraft:play_time":23186,"tombstone:undead_killed":1,"minecraft:deaths":1,"minecraft:sneak_time":44,"tombstone:tomb_raiding":1,"minecraft:jump":161,"minecraft:leave_game":2,"minecraft:time_since_death":17352,"minecraft:total_world_time":23186,"minecraft:fall_one_cm":418},"minecraft:dropped":{"minecraft:dirt":2,"minecraft:wheat_seeds":2,"minecraft:bundle":1,"minecraft:stone_pickaxe":3,"minecraft:wooden_pickaxe":1},"minecraft:killed":{"minecraft:zombie":1},"minecraft:killed_by":{"minecraft:player":1},"minecraft:picked_up":{"minecraft:stick":17,"minecraft:wooden_pickaxe":1,"minecraft:spruce_sapling":5,"tombstone:grave_dust":2,"minecraft:spruce_log":10,"minecraft:string":1,"minecraft:dirt":13,"minecraft:bundle":2,"minecraft:rotten_flesh":3,"minecraft:wheat_seeds":4,"minecraft:spruce_planks":21,"minecraft:stone_pickaxe":3,"minecraft:cobblestone":19},"minecraft:mined":{"minecraft:spruce_log":13,"minecraft:grass_block":5,"minecraft:dirt":5,"minecraft:spruce_leaves":1,"minecraft:stone":19,"minecraft:fern":2},"minecraft:crafted":{"minecraft:crafting_table":1,"minecraft:spruce_planks":44,"minecraft:stick":8,"minecraft:wooden_pickaxe":1,"minecraft:stone_pickaxe":1}},"DataVersion":3465}