{"stats":{"minecraft:broken":{"minecraft:stone_sword":1,"minecraft:stone_pickaxe":2,"minecraft:iron_pickaxe":1},"minecraft:killed_by":{"minecraft:player":1,"minecraft:creeper":3,"minecraft:skeleton":15,"minecraft:zombie":7},"minecraft:picked_up":{"minecraft:crafting_table":4,"minecraft:clay_ball":3,"minecraft:wooden_pickaxe":1,"minecraft:potion":1,"minecraft:cod_bucket":4,"minecraft:string":35,"minecraft:moss_carpet":9,"minecraft:raw_copper":64,"minecraft:cooked_salmon":8,"minecraft:cobbled_deepslate":119,"minecraft:spruce_planks":21,"minecraft:calcite":31,"minecraft:light_gray_wool":3,"minecraft:iron_pickaxe":2,"minecraft:chest":2,"minecraft:furnace":3,"minecraft:golden_helmet":4,"minecraft:stick":23,"minecraft:raw_iron":128,"minecraft:stone":22,"minecraft:torch":2,"minecraft:porkchop":16,"minecraft:cherry_log":130,"tombstone:grave_dust":23,"minecraft:diorite":70,"minecraft:redstone":260,"minecraft:dark_oak_planks":16,"minecraft:stone_sword":1,"minecraft:arrow":37,"minecraft:rotten_flesh":59,"minecraft:peony":3,"minecraft:pink_tulip":1,"minecraft:mutton":54,"minecraft:white_wool":55,"minecraft:cobblestone":333,"minecraft:birch_log":10,"minecraft:pink_petals":18,"minecraft:glow_ink_sac":1,"minecraft:tripwire_hook":2,"minecraft:andesite":48,"minecraft:brown_wool":1,"minecraft:birch_planks":3,"minecraft:gunpowder":8,"minecraft:dirt":144,"minecraft:lapis_lazuli":167,"minecraft:name_tag":2,"minecraft:cooked_mutton":42,"minecraft:bone":14,"minecraft:bow":1,"minecraft:wheat_seeds":10,"minecraft:raw_gold":67,"minecraft:stone_pickaxe":9,"minecraft:iron_ingot":9,"minecraft:bamboo":8,"minecraft:gray_bed":6,"minecraft:moss_block":39,"minecraft:iron_sword":3,"minecraft:cooked_porkchop":1,"minecraft:sweet_berries":33,"minecraft:sand":81,"minecraft:stripped_spruce_log":3,"minecraft:spruce_sapling":5,"minecraft:spruce_log":10,"minecraft:dark_oak_log":13,"minecraft:spider_eye":5,"minecraft:bundle":2,"minecraft:polished_andesite":2,"minecraft:diamond":21,"minecraft:stone_axe":4,"minecraft:emerald":1,"minecraft:bread":4,"minecraft:baked_potato":18,"tombstone:magic_scroll":3,"minecraft:black_wool":1,"minecraft:dark_oak_wood":2,"minecraft:coal":241},"minecraft:dropped":{"minecraft:iron_sword":2,"minecraft:stripped_spruce_log":1,"minecraft:moss_block":1,"minecraft:birch_planks":2,"minecraft:wheat_seeds":8,"minecraft:golden_helmet":2,"minecraft:baked_potato":9,"minecraft:glow_ink_sac":1,"minecraft:diamond":7,"minecraft:cooked_porkchop":1,"minecraft:cobblestone":107,"minecraft:cod":1,"minecraft:stick":1,"minecraft:polished_andesite":2,"minecraft:dirt":48,"minecraft:diorite":1,"tombstone:magic_scroll":1,"tombstone:grave_key":1,"minecraft:gray_bed":1,"minecraft:cooked_salmon":6,"minecraft:sand":1,"minecraft:iron_pickaxe":2,"minecraft:dark_oak_planks":8,"minecraft:string":18,"minecraft:pink_petals":17,"minecraft:redstone":128,"minecraft:bone":4,"minecraft:stone_axe":4,"minecraft:moss_carpet":5,"minecraft:sweet_berries":2,"minecraft:stone_sword":1,"minecraft:cobbled_deepslate":38,"minecraft:raw_copper":13,"minecraft:raw_iron":26,"minecraft:light_gray_wool":1,"minecraft:cooked_mutton":21,"minecraft:stone":11,"minecraft:gunpowder":4,"minecraft:peony":1,"minecraft:bundle":1,"minecraft:andesite":8,"minecraft:cod_bucket":2,"minecraft:spider_eye":2,"minecraft:wooden_pickaxe":2,"minecraft:stone_pickaxe":8,"minecraft:raw_gold":30},"minecraft:killed":{"minecraft:spider":4,"minecraft:skeleton":8,"minecraft:pig":8,"minecraft:zombie_villager":2,"minecraft:bat":1,"minecraft:creeper":3,"minecraft:sheep":34,"minecraft:zombie":29},"minecraft:mined":{"minecraft:deepslate_diamond_ore":5,"minecraft:cherry_log":67,"minecraft:dark_oak_log":13,"minecraft:glow_lichen":1,"minecraft:grass_block":8,"minecraft:spruce_leaves":1,"minecraft:moss_block":4,"minecraft:large_fern":1,"minecraft:furnace":2,"minecraft:iron_ore":56,"minecraft:cobbled_deepslate":1,"minecraft:andesite":38,"minecraft:stripped_spruce_log":1,"minecraft:moss_carpet":1,"minecraft:deepslate_lapis_ore":17,"minecraft:peony":1,"minecraft:vine":1,"minecraft:deepslate_iron_ore":52,"minecraft:pink_tulip":1,"minecraft:stone":168,"minecraft:deepslate_redstone_ore":16,"minecraft:crafting_table":4,"minecraft:torch":1,"minecraft:dark_oak_wood":2,"minecraft:emerald_ore":1,"minecraft:calcite":25,"minecraft:chest":1,"minecraft:mushroom_stem":4,"minecraft:tall_grass":11,"minecraft:copper_ore":14,"minecraft:cobblestone":2,"minecraft:deepslate_coal_ore":4,"minecraft:lapis_ore":3,"minecraft:deepslate_gold_ore":22,"minecraft:diorite":69,"minecraft:pink_petals":8,"minecraft:chain":1,"minecraft:birch_planks":1,"minecraft:birch_log":14,"minecraft:sweet_berry_bush":15,"minecraft:gray_bed":5,"minecraft:spruce_log":13,"minecraft:grass":35,"minecraft:coal_ore":135,"minecraft:cherry_leaves":4,"minecraft:sand":73,"minecraft:dirt":74,"minecraft:cobweb":5,"minecraft:tripwire_hook":2,"minecraft:red_mushroom_block":1,"minecraft:polished_andesite":2,"minecraft:deepslate":34,"minecraft:fern":6},"minecraft:custom":{"minecraft:mob_kills":96,"minecraft:interact_with_crafting_table":41,"minecraft:open_barrel":10,"minecraft:leave_game":4,"minecraft:time_since_death":4665,"minecraft:climb_one_cm":1885,"minecraft:sprint_one_cm":593132,"minecraft:walk_one_cm":806551,"minecraft:drop":84,"minecraft:talked_to_villager":1,"minecraft:play_time":225147,"minecraft:deaths":30,"minecraft:sneak_time":2777,"minecraft:walk_under_water_one_cm":10122,"tombstone:tomb_raiding":1,"minecraft:jump":3731,"minecraft:walk_on_water_one_cm":25461,"minecraft:enchant_item":3,"minecraft:total_world_time":225147,"minecraft:interact_with_furnace":43,"minecraft:sleep_in_bed":2,"minecraft:time_since_rest":4624,"minecraft:damage_taken":10360,"minecraft:damage_dealt":13797,"minecraft:swim_one_cm":540,"minecraft:fly_one_cm":264041,"minecraft:player_kills":1,"minecraft:open_chest":35,"minecraft:crouch_one_cm":14921,"tombstone:undead_killed":39,"minecraft:fall_one_cm":71264},"minecraft:used":{"minecraft:moss_block":36,"minecraft:stone_sword":192,"minecraft:iron_shovel":63,"minecraft:chest":5,"minecraft:iron_sword":333,"minecraft:cooked_salmon":3,"minecraft:torch":74,"minecraft:dirt":36,"minecraft:tripwire_hook":2,"minecraft:sweet_berries":16,"minecraft:furnace":3,"minecraft:gray_bed":5,"tombstone:gift":4,"minecraft:calcite":31,"minecraft:cooked_mutton":13,"minecraft:diorite":58,"minecraft:pink_tulip":1,"minecraft:birch_planks":1,"minecraft:stone_pickaxe":404,"minecraft:wooden_pickaxe":17,"minecraft:cherry_planks":3,"minecraft:crafting_table":7,"minecraft:apple":4,"minecraft:brown_wool":1,"minecraft:iron_pickaxe":306,"minecraft:stone_axe":113,"minecraft:pink_petals":2,"minecraft:cobblestone":1,"minecraft:cooked_porkchop":15,"minecraft:andesite":28},"minecraft:crafted":{"minecraft:cherry_planks":88,"minecraft:stone":11,"minecraft:cooked_mutton":34,"minecraft:iron_boots":1,"minecraft:iron_axe":1,"minecraft:stone_pickaxe":4,"minecraft:chest":3,"minecraft:dark_oak_planks":8,"minecraft:cooked_porkchop":16,"minecraft:crafting_table":4,"minecraft:spruce_planks":44,"minecraft:wooden_pickaxe":2,"minecraft:baked_potato":9,"minecraft:iron_helmet":1,"minecraft:iron_sword":2,"minecraft:cooked_salmon":5,"minecraft:copper_ingot":1,"minecraft:birch_planks":40,"minecraft:stone_axe":2,"minecraft:air":0,"minecraft:iron_chestplate":1,"minecraft:stick":76,"minecraft:iron_pickaxe":2,"minecraft:iron_ingot":89,"minecraft:iron_shovel":1,"minecraft:stone_sword":2,"minecraft:iron_leggings":1,"minecraft:torch":108}},"DataVersion":3465}