{"stats":{"minecraft:used":{"minecraft:stone_sword":48,"minecraft:stone_pickaxe":183,"minecraft:wooden_pickaxe":17,"minecraft:stone_axe":15,"minecraft:dirt":12,"minecraft:crafting_table":3,"tombstone:gift":2},"minecraft:custom":{"minecraft:time_since_rest":5783,"minecraft:interact_with_furnace":2,"minecraft:sprint_one_cm":105887,"minecraft:damage_taken":1583,"minecraft:walk_one_cm":127387,"minecraft:mob_kills":3,"minecraft:drop":13,"minecraft:damage_dealt":1101,"minecraft:interact_with_crafting_table":14,"minecraft:fly_one_cm":37997,"minecraft:player_kills":1,"minecraft:crouch_one_cm":736,"minecraft:play_time":47186,"tombstone:undead_killed":2,"minecraft:deaths":6,"minecraft:sneak_time":109,"minecraft:walk_under_water_one_cm":1669,"tombstone:tomb_raiding":1,"minecraft:jump":539,"minecraft:walk_on_water_one_cm":4547,"minecraft:leave_game":2,"minecraft:time_since_death":8182,"minecraft:total_world_time":47186,"minecraft:fall_one_cm":7197},"minecraft:dropped":{"minecraft:dirt":2,"minecraft:birch_planks":1,"minecraft:wheat_seeds":2,"minecraft:raw_copper":1,"minecraft:bundle":1,"minecraft:stone_pickaxe":4,"minecraft:wooden_pickaxe":2},"minecraft:killed":{"minecraft:zombie":2,"minecraft:spider":1},"minecraft:killed_by":{"minecraft:player":1,"minecraft:skeleton":3},"minecraft:picked_up":{"minecraft:birch_log":6,"minecraft:stick":17,"minecraft:crafting_table":1,"minecraft:sweet_berries":19,"minecraft:wooden_pickaxe":1,"minecraft:birch_planks":1,"minecraft:spruce_sapling":5,"tombstone:grave_dust":2,"minecraft:diorite":52,"minecraft:spruce_log":10,"minecraft:dark_oak_log":13,"minecraft:spider_eye":1,"minecraft:string":2,"minecraft:dirt":17,"minecraft:raw_copper":39,"minecraft:bundle":2,"minecraft:rotten_flesh":3,"minecraft:wheat_seeds":4,"minecraft:spruce_planks":21,"minecraft:calcite":18,"minecraft:stone_pickaxe":4,"minecraft:moss_block":3,"minecraft:coal":41,"minecraft:cobblestone":51},"minecraft:mined":{"minecraft:birch_log":6,"minecraft:sweet_berry_bush":9,"minecraft:dark_oak_log":13,"minecraft:spruce_log":13,"minecraft:crafting_table":1,"minecraft:grass":1,"minecraft:calcite":18,"minecraft:grass_block":6,"minecraft:coal_ore":37,"minecraft:dirt":7,"minecraft:tall_grass":1,"minecraft:copper_ore":12,"minecraft:deepslate_coal_ore":4,"minecraft:spruce_leaves":1,"minecraft:stone":53,"minecraft:moss_block":3,"minecraft:diorite":52,"minecraft:fern":4},"minecraft:crafted":{"minecraft:crafting_table":3,"minecraft:spruce_planks":44,"minecraft:stick":12,"minecraft:wooden_pickaxe":2,"minecraft:stone_pickaxe":2,"minecraft:stone_sword":1,"minecraft:birch_planks":24,"minecraft:stone_axe":1}},"DataVersion":3465}