{"stats":{"minecraft:broken":{"minecraft:stone_sword":1,"minecraft:stone_pickaxe":2,"minecraft:iron_pickaxe":1},"minecraft:killed_by":{"minecraft:player":1,"minecraft:creeper":2,"minecraft:skeleton":13,"minecraft:zombie":6},"minecraft:picked_up":{"minecraft:crafting_table":4,"minecraft:wooden_pickaxe":1,"minecraft:string":8,"minecraft:moss_carpet":5,"minecraft:raw_copper":46,"minecraft:cooked_salmon":2,"minecraft:cobbled_deepslate":38,"minecraft:spruce_planks":21,"minecraft:calcite":31,"minecraft:light_gray_wool":1,"minecraft:iron_pickaxe":2,"minecraft:furnace":2,"minecraft:golden_helmet":1,"minecraft:stick":18,"minecraft:raw_iron":86,"minecraft:torch":1,"minecraft:porkchop":16,"minecraft:cherry_log":66,"tombstone:grave_dust":11,"minecraft:diorite":70,"minecraft:redstone":64,"minecraft:stone_sword":1,"minecraft:arrow":9,"minecraft:rotten_flesh":28,"minecraft:peony":1,"minecraft:pink_tulip":1,"minecraft:mutton":38,"minecraft:white_wool":24,"minecraft:cobblestone":150,"minecraft:birch_log":10,"minecraft:pink_petals":18,"minecraft:glow_ink_sac":1,"minecraft:tripwire_hook":2,"minecraft:andesite":36,"minecraft:brown_wool":1,"minecraft:birch_planks":3,"minecraft:dirt":87,"minecraft:lapis_lazuli":96,"minecraft:bone":8,"minecraft:wheat_seeds":9,"minecraft:raw_gold":11,"minecraft:stone_pickaxe":8,"minecraft:iron_ingot":2,"minecraft:bamboo":4,"minecraft:gray_bed":6,"minecraft:moss_block":37,"minecraft:iron_sword":3,"minecraft:sweet_berries":33,"minecraft:stripped_spruce_log":1,"minecraft:spruce_sapling":5,"minecraft:spruce_log":10,"minecraft:dark_oak_log":13,"minecraft:spider_eye":3,"minecraft:bundle":2,"minecraft:polished_andesite":2,"minecraft:diamond":7,"minecraft:stone_axe":3,"minecraft:emerald":1,"minecraft:bread":2,"tombstone:magic_scroll":1,"minecraft:dark_oak_wood":2,"minecraft:coal":179},"minecraft:dropped":{"minecraft:iron_sword":2,"minecraft:birch_planks":2,"minecraft:wheat_seeds":8,"minecraft:glow_ink_sac":1,"minecraft:cobblestone":1,"minecraft:cod":1,"minecraft:stick":1,"minecraft:polished_andesite":2,"minecraft:dirt":48,"minecraft:diorite":1,"tombstone:grave_key":1,"minecraft:gray_bed":1,"minecraft:cooked_salmon":2,"minecraft:iron_pickaxe":2,"minecraft:pink_petals":17,"minecraft:stone_axe":3,"minecraft:moss_carpet":3,"minecraft:sweet_berries":2,"minecraft:stone_sword":1,"minecraft:raw_copper":1,"minecraft:bundle":1,"minecraft:andesite":2,"minecraft:spider_eye":1,"minecraft:wooden_pickaxe":2,"minecraft:stone_pickaxe":8},"minecraft:killed":{"minecraft:spider":4,"minecraft:skeleton":7,"minecraft:pig":8,"minecraft:zombie_villager":2,"minecraft:bat":1,"minecraft:creeper":2,"minecraft:sheep":26,"minecraft:zombie":23},"minecraft:mined":{"minecraft:deepslate_diamond_ore":5,"minecraft:cherry_log":67,"minecraft:dark_oak_log":13,"minecraft:glow_lichen":1,"minecraft:grass_block":8,"minecraft:spruce_leaves":1,"minecraft:moss_block":4,"minecraft:large_fern":1,"minecraft:furnace":2,"minecraft:iron_ore":44,"minecraft:cobbled_deepslate":1,"minecraft:andesite":38,"minecraft:stripped_spruce_log":1,"minecraft:moss_carpet":1,"minecraft:deepslate_lapis_ore":16,"minecraft:peony":1,"minecraft:deepslate_iron_ore":51,"minecraft:pink_tulip":1,"minecraft:stone":163,"minecraft:deepslate_redstone_ore":15,"minecraft:crafting_table":4,"minecraft:dark_oak_wood":2,"minecraft:emerald_ore":1,"minecraft:calcite":25,"minecraft:mushroom_stem":4,"minecraft:tall_grass":6,"minecraft:copper_ore":14,"minecraft:cobblestone":2,"minecraft:deepslate_coal_ore":4,"minecraft:deepslate_gold_ore":11,"minecraft:diorite":69,"minecraft:pink_petals":7,"minecraft:chain":1,"minecraft:birch_planks":1,"minecraft:birch_log":14,"minecraft:sweet_berry_bush":15,"minecraft:gray_bed":5,"minecraft:spruce_log":13,"minecraft:grass":31,"minecraft:coal_ore":123,"minecraft:cherry_leaves":4,"minecraft:dirt":11,"minecraft:cobweb":2,"minecraft:tripwire_hook":2,"minecraft:red_mushroom_block":1,"minecraft:polished_andesite":2,"minecraft:deepslate":29,"minecraft:fern":6},"minecraft:custom":{"minecraft:mob_kills":79,"minecraft:interact_with_crafting_table":31,"minecraft:open_barrel":10,"minecraft:leave_game":4,"minecraft:time_since_death":22000,"minecraft:climb_one_cm":1756,"minecraft:sprint_one_cm":514589,"minecraft:walk_one_cm":709424,"minecraft:drop":47,"minecraft:talked_to_villager":1,"minecraft:play_time":195147,"minecraft:deaths":26,"minecraft:sneak_time":2713,"minecraft:walk_under_water_one_cm":8524,"tombstone:tomb_raiding":1,"minecraft:jump":3246,"minecraft:walk_on_water_one_cm":18011,"minecraft:total_world_time":195147,"minecraft:interact_with_furnace":38,"minecraft:sleep_in_bed":2,"minecraft:time_since_rest":11674,"minecraft:damage_taken":8829,"minecraft:damage_dealt":11299,"minecraft:swim_one_cm":540,"minecraft:fly_one_cm":206674,"minecraft:player_kills":1,"minecraft:open_chest":12,"minecraft:crouch_one_cm":14712,"tombstone:undead_killed":32,"minecraft:fall_one_cm":57924},"minecraft:used":{"minecraft:moss_block":36,"minecraft:stone_sword":192,"minecraft:chest":2,"minecraft:iron_sword":216,"minecraft:cooked_salmon":3,"minecraft:torch":49,"minecraft:dirt":36,"minecraft:tripwire_hook":2,"minecraft:sweet_berries":16,"minecraft:furnace":2,"minecraft:gray_bed":5,"tombstone:gift":4,"minecraft:calcite":31,"minecraft:cooked_mutton":13,"minecraft:diorite":58,"minecraft:pink_tulip":1,"minecraft:birch_planks":1,"minecraft:stone_pickaxe":404,"minecraft:wooden_pickaxe":17,"minecraft:crafting_table":7,"minecraft:apple":4,"minecraft:iron_pickaxe":253,"minecraft:stone_axe":112,"minecraft:pink_petals":2,"minecraft:cobblestone":1,"minecraft:cooked_porkchop":8,"minecraft:andesite":28},"minecraft:crafted":{"minecraft:stone":11,"minecraft:cooked_mutton":34,"minecraft:iron_boots":1,"minecraft:stone_pickaxe":4,"minecraft:chest":2,"minecraft:dark_oak_planks":8,"minecraft:cooked_porkchop":16,"minecraft:crafting_table":4,"minecraft:spruce_planks":44,"minecraft:wooden_pickaxe":2,"minecraft:baked_potato":9,"minecraft:iron_helmet":1,"minecraft:iron_sword":1,"minecraft:cooked_salmon":5,"minecraft:copper_ingot":1,"minecraft:birch_planks":40,"minecraft:stone_axe":2,"minecraft:air":0,"minecraft:iron_chestplate":1,"minecraft:stick":28,"minecraft:iron_pickaxe":1,"minecraft:iron_ingot":89,"minecraft:stone_sword":2,"minecraft:iron_leggings":1,"minecraft:torch":48}},"DataVersion":3465}