{"stats":{"minecraft:broken":{"minecraft:stone_pickaxe":1},"minecraft:used":{"minecraft:stone_sword":90,"minecraft:stone_pickaxe":358,"minecraft:wooden_pickaxe":17,"minecraft:cooked_salmon":3,"minecraft:dirt":12,"minecraft:crafting_table":4,"minecraft:apple":4,"minecraft:stone_axe":32,"minecraft:tripwire_hook":2,"minecraft:sweet_berries":4,"minecraft:gray_bed":1,"tombstone:gift":2},"minecraft:custom":{"minecraft:interact_with_furnace":10,"minecraft:mob_kills":12,"minecraft:interact_with_crafting_table":16,"minecraft:open_barrel":3,"minecraft:time_since_death":0,"minecraft:leave_game":3,"minecraft:sleep_in_bed":1,"minecraft:climb_one_cm":1318,"minecraft:time_since_rest":437,"minecraft:sprint_one_cm":227097,"minecraft:damage_taken":3667,"minecraft:walk_one_cm":251003,"minecraft:drop":24,"minecraft:damage_dealt":2213,"minecraft:fly_one_cm":88781,"minecraft:player_kills":1,"minecraft:open_chest":2,"minecraft:crouch_one_cm":1741,"minecraft:play_time":82385,"tombstone:undead_killed":4,"minecraft:deaths":13,"minecraft:sneak_time":293,"minecraft:walk_under_water_one_cm":5968,"tombstone:tomb_raiding":1,"minecraft:jump":1124,"minecraft:walk_on_water_one_cm":8265,"minecraft:total_world_time":82385,"minecraft:fall_one_cm":15942},"minecraft:dropped":{"minecraft:stone_axe":1,"minecraft:sweet_berries":2,"minecraft:birch_planks":2,"minecraft:wheat_seeds":2,"minecraft:stone_sword":1,"minecraft:raw_copper":1,"minecraft:dirt":2,"minecraft:diorite":1,"minecraft:bundle":1,"tombstone:grave_key":1,"minecraft:stone_pickaxe":8,"minecraft:wooden_pickaxe":2},"minecraft:killed":{"minecraft:spider":1,"minecraft:sheep":7,"minecraft:zombie":4},"minecraft:killed_by":{"minecraft:player":1,"minecraft:skeleton":7,"minecraft:creeper":1,"minecraft:zombie":2},"minecraft:picked_up":{"minecraft:birch_log":10,"minecraft:crafting_table":2,"minecraft:tripwire_hook":2,"minecraft:andesite":2,"minecraft:wooden_pickaxe":1,"minecraft:birch_planks":2,"minecraft:dirt":19,"minecraft:string":2,"minecraft:moss_carpet":3,"minecraft:raw_copper":44,"minecraft:bone":4,"minecraft:wheat_seeds":6,"minecraft:spruce_planks":21,"minecraft:stone_pickaxe":8,"minecraft:calcite":31,"minecraft:gray_bed":2,"minecraft:moss_block":33,"minecraft:furnace":1,"minecraft:stick":17,"minecraft:raw_iron":7,"minecraft:sweet_berries":33,"minecraft:spruce_sapling":5,"tombstone:grave_dust":2,"minecraft:diorite":69,"minecraft:spruce_log":10,"minecraft:dark_oak_log":13,"minecraft:spider_eye":1,"minecraft:stone_sword":1,"minecraft:bundle":2,"minecraft:polished_andesite":2,"minecraft:arrow":3,"minecraft:rotten_flesh":3,"minecraft:stone_axe":1,"minecraft:mutton":11,"minecraft:dark_oak_wood":2,"minecraft:coal":98,"minecraft:white_wool":7,"minecraft:cobblestone":100},"minecraft:mined":{"minecraft:dark_oak_log":13,"minecraft:crafting_table":2,"minecraft:glow_lichen":1,"minecraft:dark_oak_wood":2,"minecraft:grass_block":7,"minecraft:calcite":25,"minecraft:mushroom_stem":4,"minecraft:cobblestone":2,"minecraft:copper_ore":14,"minecraft:tall_grass":1,"minecraft:deepslate_coal_ore":4,"minecraft:spruce_leaves":1,"minecraft:moss_block":3,"minecraft:diorite":68,"minecraft:large_fern":1,"minecraft:furnace":1,"minecraft:birch_log":14,"minecraft:iron_ore":7,"minecraft:sweet_berry_bush":14,"minecraft:gray_bed":2,"minecraft:spruce_log":13,"minecraft:andesite":2,"minecraft:grass":6,"minecraft:coal_ore":94,"minecraft:dirt":8,"minecraft:tripwire_hook":2,"minecraft:red_mushroom_block":1,"minecraft:polished_andesite":2,"minecraft:stone":108,"minecraft:fern":6},"minecraft:crafted":{"minecraft:crafting_table":4,"minecraft:spruce_planks":44,"minecraft:baked_potato":9,"minecraft:wooden_pickaxe":2,"minecraft:cooked_salmon":5,"minecraft:copper_ingot":1,"minecraft:birch_planks":40,"minecraft:stone_axe":2,"minecraft:cooked_mutton":11,"minecraft:air":0,"minecraft:stick":28,"minecraft:stone_pickaxe":3,"minecraft:stone_sword":2,"minecraft:dark_oak_planks":8}},"DataVersion":3465}