{"stats":{"minecraft:broken":{"minecraft:stone_pickaxe":1},"minecraft:used":{"minecraft:stone_sword":56,"minecraft:stone_pickaxe":268,"minecraft:wooden_pickaxe":17,"minecraft:dirt":12,"minecraft:crafting_table":4,"minecraft:stone_axe":31,"tombstone:gift":2},"minecraft:custom":{"minecraft:interact_with_furnace":2,"minecraft:mob_kills":4,"minecraft:interact_with_crafting_table":16,"minecraft:time_since_death":20182,"minecraft:leave_game":2,"minecraft:time_since_rest":17783,"minecraft:sprint_one_cm":135784,"minecraft:damage_taken":1743,"minecraft:walk_one_cm":172086,"minecraft:drop":16,"minecraft:damage_dealt":1292,"minecraft:fly_one_cm":46042,"minecraft:player_kills":1,"minecraft:crouch_one_cm":795,"minecraft:play_time":59186,"tombstone:undead_killed":2,"minecraft:deaths":6,"minecraft:sneak_time":115,"minecraft:walk_under_water_one_cm":5968,"tombstone:tomb_raiding":1,"minecraft:jump":776,"minecraft:walk_on_water_one_cm":8072,"minecraft:total_world_time":59186,"minecraft:fall_one_cm":9262},"minecraft:dropped":{"minecraft:birch_planks":1,"minecraft:wheat_seeds":2,"minecraft:raw_copper":1,"minecraft:dirt":2,"minecraft:bundle":1,"tombstone:grave_key":1,"minecraft:stone_pickaxe":6,"minecraft:wooden_pickaxe":2},"minecraft:killed":{"minecraft:spider":1,"minecraft:sheep":1,"minecraft:zombie":2},"minecraft:killed_by":{"minecraft:player":1,"minecraft:skeleton":3},"minecraft:picked_up":{"minecraft:birch_log":10,"minecraft:crafting_table":2,"minecraft:andesite":2,"minecraft:wooden_pickaxe":1,"minecraft:birch_planks":1,"minecraft:dirt":18,"minecraft:string":2,"minecraft:moss_carpet":3,"minecraft:raw_copper":44,"minecraft:wheat_seeds":6,"minecraft:spruce_planks":21,"minecraft:stone_pickaxe":6,"minecraft:calcite":31,"minecraft:moss_block":33,"minecraft:stick":17,"minecraft:sweet_berries":31,"minecraft:spruce_sapling":5,"tombstone:grave_dust":2,"minecraft:diorite":68,"minecraft:spruce_log":10,"minecraft:dark_oak_log":13,"minecraft:spider_eye":1,"minecraft:bundle":2,"minecraft:rotten_flesh":3,"minecraft:mutton":2,"minecraft:dark_oak_wood":2,"minecraft:coal":57,"minecraft:white_wool":1,"minecraft:cobblestone":71},"minecraft:mined":{"minecraft:dark_oak_log":13,"minecraft:crafting_table":2,"minecraft:glow_lichen":1,"minecraft:dark_oak_wood":2,"minecraft:grass_block":6,"minecraft:calcite":25,"minecraft:mushroom_stem":4,"minecraft:cobblestone":2,"minecraft:copper_ore":14,"minecraft:tall_grass":1,"minecraft:deepslate_coal_ore":4,"minecraft:spruce_leaves":1,"minecraft:moss_block":3,"minecraft:diorite":68,"minecraft:large_fern":1,"minecraft:birch_log":14,"minecraft:sweet_berry_bush":14,"minecraft:spruce_log":13,"minecraft:andesite":2,"minecraft:grass":5,"minecraft:coal_ore":53,"minecraft:dirt":8,"minecraft:red_mushroom_block":1,"minecraft:stone":73,"minecraft:fern":6},"minecraft:crafted":{"minecraft:crafting_table":4,"minecraft:spruce_planks":44,"minecraft:wooden_pickaxe":2,"minecraft:birch_planks":24,"minecraft:stone_axe":2,"minecraft:stick":28,"minecraft:stone_pickaxe":3,"minecraft:stone_sword":2}},"DataVersion":3465}