{"stats":{"minecraft:crafted":{"minecraft:cooked_porkchop":2,"minecraft:crafting_table":4,"minecraft:spruce_planks":44,"minecraft:wooden_pickaxe":2,"minecraft:baked_potato":9,"minecraft:iron_sword":1,"minecraft:cooked_salmon":5,"minecraft:copper_ingot":1,"minecraft:stone":11,"minecraft:birch_planks":40,"minecraft:stone_axe":2,"minecraft:cooked_mutton":13,"minecraft:air":0,"minecraft:iron_chestplate":1,"minecraft:stick":28,"minecraft:chest":2,"minecraft:iron_pickaxe":1,"minecraft:iron_ingot":15,"minecraft:stone_pickaxe":4,"minecraft:stone_sword":2,"minecraft:dark_oak_planks":8,"minecraft:torch":48},"minecraft:dropped":{"minecraft:moss_carpet":3,"minecraft:stone_axe":3,"minecraft:sweet_berries":2,"minecraft:birch_planks":2,"minecraft:wheat_seeds":8,"minecraft:glow_ink_sac":1,"minecraft:stone_sword":1,"minecraft:raw_copper":1,"minecraft:cobblestone":1,"minecraft:cod":1,"minecraft:polished_andesite":2,"minecraft:dirt":48,"minecraft:diorite":1,"minecraft:bundle":1,"minecraft:andesite":2,"tombstone:grave_key":1,"minecraft:gray_bed":1,"minecraft:cooked_salmon":2,"minecraft:spider_eye":1,"minecraft:wooden_pickaxe":2,"minecraft:stone_pickaxe":8,"minecraft:pink_petals":13},"minecraft:mined":{"minecraft:deepslate_redstone_ore":3,"minecraft:dark_oak_log":13,"minecraft:crafting_table":4,"minecraft:glow_lichen":1,"minecraft:dark_oak_wood":2,"minecraft:grass_block":8,"minecraft:calcite":25,"minecraft:mushroom_stem":4,"minecraft:tall_grass":2,"minecraft:copper_ore":14,"minecraft:cobblestone":2,"minecraft:deepslate_coal_ore":4,"minecraft:spruce_leaves":1,"minecraft:deepslate_gold_ore":1,"minecraft:moss_block":3,"minecraft:diorite":69,"minecraft:pink_petals":4,"minecraft:large_fern":1,"minecraft:chain":1,"minecraft:furnace":2,"minecraft:birch_log":14,"minecraft:iron_ore":18,"minecraft:sweet_berry_bush":15,"minecraft:gray_bed":3,"minecraft:spruce_log":13,"minecraft:andesite":20,"minecraft:grass":22,"minecraft:coal_ore":94,"minecraft:deepslate_iron_ore":18,"minecraft:dirt":10,"minecraft:pink_tulip":1,"minecraft:tripwire_hook":2,"minecraft:red_mushroom_block":1,"minecraft:stone":120,"minecraft:polished_andesite":2,"minecraft:deepslate":2,"minecraft:fern":6},"minecraft:picked_up":{"minecraft:birch_log":10,"minecraft:pink_petals":14,"minecraft:crafting_table":4,"minecraft:glow_ink_sac":1,"minecraft:tripwire_hook":2,"minecraft:andesite":13,"minecraft:wooden_pickaxe":1,"minecraft:birch_planks":2,"minecraft:dirt":86,"minecraft:string":4,"minecraft:moss_carpet":3,"minecraft:raw_copper":46,"minecraft:cooked_salmon":2,"minecraft:bone":4,"minecraft:wheat_seeds":9,"minecraft:cobbled_deepslate":4,"minecraft:raw_gold":1,"minecraft:spruce_planks":21,"minecraft:stone_pickaxe":8,"minecraft:calcite":31,"minecraft:bamboo":4,"minecraft:gray_bed":4,"minecraft:moss_block":36,"minecraft:furnace":2,"minecraft:stick":17,"minecraft:raw_iron":26,"minecraft:sweet_berries":33,"minecraft:porkchop":2,"minecraft:spruce_sapling":5,"tombstone:grave_dust":4,"minecraft:diorite":70,"minecraft:spruce_log":10,"minecraft:redstone":13,"minecraft:dark_oak_log":13,"minecraft:spider_eye":2,"minecraft:bundle":2,"minecraft:polished_andesite":2,"minecraft:stone_sword":1,"minecraft:arrow":6,"minecraft:rotten_flesh":7,"minecraft:stone_axe":3,"minecraft:pink_tulip":1,"minecraft:bread":2,"minecraft:dark_oak_wood":2,"minecraft:mutton":13,"minecraft:coal":147,"minecraft:white_wool":9,"minecraft:cobblestone":113},"minecraft:killed":{"minecraft:pig":1,"minecraft:spider":2,"minecraft:skeleton":3,"minecraft:sheep":9,"minecraft:zombie":7},"minecraft:broken":{"minecraft:stone_pickaxe":2,"minecraft:stone_sword":1},"minecraft:used":{"minecraft:calcite":15,"minecraft:moss_block":4,"minecraft:cooked_mutton":12,"minecraft:diorite":58,"minecraft:pink_tulip":1,"minecraft:stone_sword":192,"minecraft:stone_pickaxe":404,"minecraft:chest":2,"minecraft:wooden_pickaxe":17,"minecraft:iron_sword":5,"minecraft:cooked_salmon":3,"minecraft:torch":6,"minecraft:dirt":12,"minecraft:crafting_table":7,"minecraft:apple":4,"minecraft:iron_pickaxe":25,"minecraft:pink_petals":2,"minecraft:tripwire_hook":2,"minecraft:stone_axe":35,"minecraft:cobblestone":1,"minecraft:sweet_berries":16,"minecraft:furnace":2,"minecraft:gray_bed":2,"tombstone:gift":4},"minecraft:killed_by":{"minecraft:player":1,"minecraft:skeleton":9,"minecraft:creeper":2,"minecraft:zombie":3},"minecraft:custom":{"minecraft:interact_with_furnace":23,"minecraft:mob_kills":23,"minecraft:interact_with_crafting_table":28,"minecraft:open_barrel":3,"minecraft:leave_game":3,"minecraft:time_since_death":1864,"minecraft:sleep_in_bed":1,"minecraft:climb_one_cm":1536,"minecraft:time_since_rest":1406,"minecraft:sprint_one_cm":346584,"minecraft:damage_taken":6283,"minecraft:walk_one_cm":435345,"minecraft:drop":41,"minecraft:damage_dealt":3991,"minecraft:fly_one_cm":135990,"minecraft:player_kills":1,"minecraft:open_chest":7,"minecraft:crouch_one_cm":8196,"minecraft:play_time":132667,"tombstone:undead_killed":10,"minecraft:deaths":19,"minecraft:sneak_time":1538,"minecraft:walk_under_water_one_cm":6907,"tombstone:tomb_raiding":1,"minecraft:jump":2072,"minecraft:walk_on_water_one_cm":10982,"minecraft:total_world_time":132667,"minecraft:fall_one_cm":32972}},"DataVersion":3465}