{"stats":{"minecraft:crafted":{"minecraft:stone":11,"minecraft:cooked_mutton":13,"minecraft:iron_boots":1,"minecraft:stone_pickaxe":4,"minecraft:chest":2,"minecraft:dark_oak_planks":8,"minecraft:cooked_porkchop":7,"minecraft:crafting_table":4,"minecraft:spruce_planks":44,"minecraft:iron_helmet":1,"minecraft:wooden_pickaxe":2,"minecraft:baked_potato":9,"minecraft:iron_sword":1,"minecraft:cooked_salmon":5,"minecraft:copper_ingot":1,"minecraft:birch_planks":40,"minecraft:stone_axe":2,"minecraft:air":0,"minecraft:iron_chestplate":1,"minecraft:stick":28,"minecraft:iron_ingot":81,"minecraft:iron_pickaxe":1,"minecraft:stone_sword":2,"minecraft:iron_leggings":1,"minecraft:torch":48},"minecraft:dropped":{"minecraft:iron_sword":2,"minecraft:birch_planks":2,"minecraft:wheat_seeds":8,"minecraft:glow_ink_sac":1,"minecraft:cobblestone":1,"minecraft:cod":1,"minecraft:polished_andesite":2,"minecraft:dirt":48,"minecraft:diorite":1,"tombstone:grave_key":1,"minecraft:gray_bed":1,"minecraft:cooked_salmon":2,"minecraft:pink_petals":17,"minecraft:stone_axe":3,"minecraft:moss_carpet":3,"minecraft:sweet_berries":2,"minecraft:stone_sword":1,"minecraft:raw_copper":1,"minecraft:bundle":1,"minecraft:andesite":2,"minecraft:spider_eye":1,"minecraft:stone_pickaxe":8,"minecraft:wooden_pickaxe":2},"minecraft:mined":{"minecraft:deepslate_diamond_ore":5,"minecraft:dark_oak_log":13,"minecraft:glow_lichen":1,"minecraft:grass_block":8,"minecraft:spruce_leaves":1,"minecraft:moss_block":3,"minecraft:large_fern":1,"minecraft:furnace":2,"minecraft:iron_ore":34,"minecraft:cobbled_deepslate":1,"minecraft:andesite":23,"minecraft:stripped_spruce_log":1,"minecraft:moss_carpet":1,"minecraft:deepslate_lapis_ore":16,"minecraft:deepslate_iron_ore":49,"minecraft:pink_tulip":1,"minecraft:stone":121,"minecraft:deepslate_redstone_ore":15,"minecraft:crafting_table":4,"minecraft:dark_oak_wood":2,"minecraft:calcite":25,"minecraft:mushroom_stem":4,"minecraft:cobblestone":2,"minecraft:copper_ore":14,"minecraft:tall_grass":4,"minecraft:deepslate_coal_ore":4,"minecraft:deepslate_gold_ore":11,"minecraft:diorite":69,"minecraft:pink_petals":7,"minecraft:chain":1,"minecraft:birch_log":14,"minecraft:sweet_berry_bush":15,"minecraft:gray_bed":3,"minecraft:spruce_log":13,"minecraft:grass":31,"minecraft:coal_ore":94,"minecraft:dirt":11,"minecraft:cobweb":1,"minecraft:tripwire_hook":2,"minecraft:red_mushroom_block":1,"minecraft:polished_andesite":2,"minecraft:deepslate":26,"minecraft:fern":6},"minecraft:picked_up":{"minecraft:crafting_table":4,"minecraft:wooden_pickaxe":1,"minecraft:string":7,"minecraft:moss_carpet":5,"minecraft:raw_copper":46,"minecraft:cooked_salmon":2,"minecraft:cobbled_deepslate":35,"minecraft:spruce_planks":21,"minecraft:calcite":31,"minecraft:light_gray_wool":1,"minecraft:furnace":2,"minecraft:raw_iron":73,"minecraft:stick":17,"minecraft:torch":1,"minecraft:porkchop":10,"tombstone:grave_dust":9,"minecraft:diorite":70,"minecraft:redstone":64,"minecraft:stone_sword":1,"minecraft:arrow":7,"minecraft:rotten_flesh":24,"minecraft:pink_tulip":1,"minecraft:mutton":34,"minecraft:white_wool":23,"minecraft:cobblestone":114,"minecraft:birch_log":10,"minecraft:pink_petals":18,"minecraft:tripwire_hook":2,"minecraft:glow_ink_sac":1,"minecraft:andesite":20,"minecraft:birch_planks":2,"minecraft:lapis_lazuli":96,"minecraft:dirt":87,"minecraft:bone":4,"minecraft:wheat_seeds":9,"minecraft:raw_gold":11,"minecraft:iron_ingot":2,"minecraft:stone_pickaxe":8,"minecraft:bamboo":4,"minecraft:moss_block":36,"minecraft:gray_bed":4,"minecraft:iron_sword":3,"minecraft:sweet_berries":33,"minecraft:stripped_spruce_log":1,"minecraft:spruce_sapling":5,"minecraft:spruce_log":10,"minecraft:dark_oak_log":13,"minecraft:spider_eye":3,"minecraft:bundle":2,"minecraft:polished_andesite":2,"minecraft:diamond":7,"minecraft:stone_axe":3,"minecraft:bread":2,"minecraft:dark_oak_wood":2,"minecraft:coal":147},"minecraft:broken":{"minecraft:stone_sword":1,"minecraft:stone_pickaxe":2},"minecraft:killed":{"minecraft:spider":4,"minecraft:skeleton":4,"minecraft:pig":6,"minecraft:zombie_villager":2,"minecraft:creeper":1,"minecraft:sheep":24,"minecraft:zombie":20},"minecraft:used":{"minecraft:moss_block":34,"minecraft:stone_sword":192,"minecraft:chest":2,"minecraft:iron_sword":175,"minecraft:cooked_salmon":3,"minecraft:torch":49,"minecraft:dirt":36,"minecraft:tripwire_hook":2,"minecraft:sweet_berries":16,"minecraft:furnace":2,"minecraft:gray_bed":2,"tombstone:gift":4,"minecraft:calcite":31,"minecraft:cooked_mutton":13,"minecraft:diorite":58,"minecraft:pink_tulip":1,"minecraft:stone_pickaxe":404,"minecraft:wooden_pickaxe":17,"minecraft:crafting_table":7,"minecraft:apple":4,"minecraft:iron_pickaxe":146,"minecraft:stone_axe":37,"minecraft:pink_petals":2,"minecraft:cobblestone":1,"minecraft:cooked_porkchop":5},"minecraft:killed_by":{"minecraft:player":1,"minecraft:creeper":2,"minecraft:skeleton":11,"minecraft:zombie":6},"minecraft:custom":{"minecraft:mob_kills":67,"minecraft:interact_with_crafting_table":29,"minecraft:open_barrel":10,"minecraft:leave_game":3,"minecraft:time_since_death":8734,"minecraft:climb_one_cm":1756,"minecraft:sprint_one_cm":445630,"minecraft:walk_one_cm":605869,"minecraft:drop":44,"minecraft:play_time":168667,"minecraft:deaths":24,"minecraft:sneak_time":2335,"minecraft:walk_under_water_one_cm":8524,"tombstone:tomb_raiding":1,"minecraft:jump":2784,"minecraft:walk_on_water_one_cm":18011,"minecraft:total_world_time":168667,"minecraft:interact_with_furnace":32,"minecraft:sleep_in_bed":1,"minecraft:time_since_rest":8366,"minecraft:damage_taken":8069,"minecraft:damage_dealt":9392,"minecraft:swim_one_cm":540,"minecraft:player_kills":1,"minecraft:fly_one_cm":170862,"minecraft:open_chest":8,"minecraft:crouch_one_cm":12568,"tombstone:undead_killed":26,"minecraft:fall_one_cm":47613}},"DataVersion":3465}