{"stats":{"minecraft:crafted":{"minecraft:crafting_table":4,"minecraft:spruce_planks":44,"minecraft:wooden_pickaxe":2,"minecraft:baked_potato":9,"minecraft:cooked_salmon":5,"minecraft:copper_ingot":1,"minecraft:stone":11,"minecraft:birch_planks":40,"minecraft:stone_axe":2,"minecraft:cooked_mutton":13,"minecraft:air":0,"minecraft:stick":28,"minecraft:iron_ingot":7,"minecraft:stone_pickaxe":4,"minecraft:stone_sword":2,"minecraft:dark_oak_planks":8},"minecraft:dropped":{"minecraft:moss_carpet":3,"minecraft:stone_axe":3,"minecraft:sweet_berries":2,"minecraft:birch_planks":2,"minecraft:wheat_seeds":8,"minecraft:stone_sword":1,"minecraft:raw_copper":1,"minecraft:cobblestone":1,"minecraft:cod":1,"minecraft:polished_andesite":2,"minecraft:dirt":2,"minecraft:diorite":1,"minecraft:bundle":1,"minecraft:andesite":2,"tombstone:grave_key":1,"minecraft:gray_bed":1,"minecraft:cooked_salmon":2,"minecraft:wooden_pickaxe":2,"minecraft:stone_pickaxe":8,"minecraft:pink_petals":13},"minecraft:mined":{"minecraft:dark_oak_log":13,"minecraft:crafting_table":4,"minecraft:glow_lichen":1,"minecraft:dark_oak_wood":2,"minecraft:grass_block":8,"minecraft:calcite":25,"minecraft:mushroom_stem":4,"minecraft:tall_grass":2,"minecraft:copper_ore":14,"minecraft:cobblestone":2,"minecraft:deepslate_coal_ore":4,"minecraft:spruce_leaves":1,"minecraft:moss_block":3,"minecraft:diorite":69,"minecraft:pink_petals":4,"minecraft:large_fern":1,"minecraft:furnace":2,"minecraft:birch_log":14,"minecraft:iron_ore":18,"minecraft:sweet_berry_bush":15,"minecraft:gray_bed":3,"minecraft:spruce_log":13,"minecraft:andesite":20,"minecraft:grass":22,"minecraft:coal_ore":94,"minecraft:dirt":10,"minecraft:pink_tulip":1,"minecraft:tripwire_hook":2,"minecraft:red_mushroom_block":1,"minecraft:stone":120,"minecraft:polished_andesite":2,"minecraft:fern":6},"minecraft:picked_up":{"minecraft:birch_log":10,"minecraft:pink_petals":14,"minecraft:crafting_table":4,"minecraft:tripwire_hook":2,"minecraft:andesite":13,"minecraft:wooden_pickaxe":1,"minecraft:birch_planks":2,"minecraft:dirt":40,"minecraft:string":2,"minecraft:moss_carpet":3,"minecraft:raw_copper":46,"minecraft:cooked_salmon":2,"minecraft:bone":4,"minecraft:wheat_seeds":9,"minecraft:spruce_planks":21,"minecraft:stone_pickaxe":8,"minecraft:calcite":31,"minecraft:bamboo":4,"minecraft:gray_bed":4,"minecraft:moss_block":36,"minecraft:furnace":2,"minecraft:stick":17,"minecraft:raw_iron":15,"minecraft:sweet_berries":33,"minecraft:porkchop":2,"minecraft:spruce_sapling":5,"tombstone:grave_dust":4,"minecraft:diorite":70,"minecraft:spruce_log":10,"minecraft:dark_oak_log":13,"minecraft:spider_eye":1,"minecraft:bundle":2,"minecraft:polished_andesite":2,"minecraft:stone_sword":1,"minecraft:arrow":5,"minecraft:rotten_flesh":7,"minecraft:stone_axe":3,"minecraft:pink_tulip":1,"minecraft:bread":2,"minecraft:dark_oak_wood":2,"minecraft:mutton":13,"minecraft:coal":147,"minecraft:white_wool":9,"minecraft:cobblestone":113},"minecraft:killed":{"minecraft:pig":1,"minecraft:spider":1,"minecraft:skeleton":2,"minecraft:sheep":9,"minecraft:zombie":7},"minecraft:broken":{"minecraft:stone_pickaxe":2,"minecraft:stone_sword":1},"minecraft:used":{"minecraft:moss_block":4,"minecraft:cooked_mutton":8,"minecraft:diorite":50,"minecraft:pink_tulip":1,"minecraft:stone_sword":192,"minecraft:stone_pickaxe":404,"minecraft:wooden_pickaxe":17,"minecraft:cooked_salmon":3,"minecraft:dirt":12,"minecraft:crafting_table":6,"minecraft:apple":4,"minecraft:pink_petals":2,"minecraft:tripwire_hook":2,"minecraft:stone_axe":35,"minecraft:sweet_berries":16,"minecraft:furnace":1,"minecraft:gray_bed":2,"tombstone:gift":4},"minecraft:killed_by":{"minecraft:player":1,"minecraft:skeleton":9,"minecraft:creeper":2,"minecraft:zombie":3},"minecraft:custom":{"minecraft:interact_with_furnace":16,"minecraft:mob_kills":21,"minecraft:interact_with_crafting_table":19,"minecraft:open_barrel":3,"minecraft:leave_game":3,"minecraft:time_since_death":2102,"minecraft:sleep_in_bed":1,"minecraft:climb_one_cm":1536,"minecraft:time_since_rest":1827,"minecraft:sprint_one_cm":326634,"minecraft:damage_taken":5720,"minecraft:walk_one_cm":398583,"minecraft:drop":37,"minecraft:damage_dealt":3781,"minecraft:fly_one_cm":128236,"minecraft:player_kills":1,"minecraft:open_chest":2,"minecraft:crouch_one_cm":6194,"minecraft:play_time":120667,"tombstone:undead_killed":9,"minecraft:deaths":18,"minecraft:sneak_time":1060,"minecraft:walk_under_water_one_cm":5968,"tombstone:tomb_raiding":1,"minecraft:jump":1935,"minecraft:walk_on_water_one_cm":8339,"minecraft:total_world_time":120667,"minecraft:fall_one_cm":27941}},"DataVersion":3465}