{"stats":{"minecraft:used":{"minecraft:stone_sword":14,"minecraft:tropical_fish":2,"minecraft:stone_pickaxe":89,"minecraft:wooden_pickaxe":17,"minecraft:cooked_chicken":2,"minecraft:torch":3,"minecraft:dirt":4,"minecraft:crafting_table":2,"tombstone:bag_of_seeds":1,"minecraft:iron_pickaxe":9,"minecraft:spruce_sapling":1,"minecraft:stone_axe":2,"minecraft:cobblestone":1,"minecraft:sweet_berries":5,"minecraft:furnace":2,"tombstone:gift":1,"minecraft:cooked_beef":6,"minecraft:dark_oak_sapling":1},"minecraft:custom":{"minecraft:interact_with_furnace":14,"minecraft:mob_kills":11,"minecraft:interact_with_crafting_table":13,"minecraft:leave_game":4,"minecraft:time_since_death":15017,"minecraft:time_since_rest":12618,"minecraft:sprint_one_cm":153459,"minecraft:damage_taken":2236,"minecraft:walk_one_cm":78456,"minecraft:drop":12,"minecraft:damage_dealt":1602,"minecraft:player_kills":1,"minecraft:swim_one_cm":20806,"minecraft:fly_one_cm":283774,"minecraft:open_chest":1,"minecraft:crouch_one_cm":6443,"minecraft:play_time":56777,"tombstone:undead_killed":3,"minecraft:deaths":6,"minecraft:sneak_time":2128,"minecraft:walk_under_water_one_cm":15094,"tombstone:tomb_raiding":1,"minecraft:jump":1390,"minecraft:walk_on_water_one_cm":11345,"minecraft:total_world_time":56777,"minecraft:fall_one_cm":33049},"minecraft:dropped":{"minecraft:moss_block":1,"minecraft:wheat_seeds":1,"minecraft:cocoa_beans":3,"minecraft:pumpkin_seeds":3,"minecraft:stick":10,"minecraft:dirt":1,"minecraft:spruce_planks":21,"minecraft:melon_seeds":4,"minecraft:azalea":1,"minecraft:arrow":2,"minecraft:wooden_pickaxe":1,"minecraft:string":1},"minecraft:killed":{"minecraft:spider":2,"minecraft:creeper":1,"minecraft:skeleton":1,"minecraft:zombie":2,"minecraft:chicken":2,"minecraft:cow":2},"minecraft:killed_by":{"minecraft:player":1,"minecraft:skeleton":2,"minecraft:zombie":1},"minecraft:picked_up":{"minecraft:crafting_table":2,"minecraft:feather":4,"minecraft:chicken":2,"minecraft:leather":2,"minecraft:wooden_pickaxe":1,"minecraft:dirt":5,"minecraft:string":1,"minecraft:raw_copper":7,"minecraft:raw_gold":2,"minecraft:iron_ingot":1,"minecraft:beef":6,"minecraft:azalea":3,"tombstone:bag_of_seeds":1,"minecraft:moss_block":1,"minecraft:furnace":2,"minecraft:dark_oak_sapling":1,"minecraft:stick":2,"minecraft:raw_iron":29,"minecraft:sweet_berries":3,"minecraft:torch":3,"minecraft:spruce_log":9,"minecraft:spider_eye":1,"minecraft:arrow":2,"minecraft:diamond":1,"minecraft:tropical_fish":2,"minecraft:glow_berries":1,"minecraft:coal":48,"minecraft:cobblestone":40},"minecraft:mined":{"minecraft:deepslate_diamond_ore":1,"minecraft:crafting_table":2,"minecraft:grass_block":4,"minecraft:tall_grass":1,"minecraft:copper_ore":2,"minecraft:deepslate_coal_ore":5,"minecraft:spruce_leaves":13,"minecraft:deepslate_gold_ore":2,"minecraft:moss_block":1,"minecraft:wall_torch":2,"minecraft:furnace":2,"minecraft:iron_ore":16,"minecraft:sweet_berry_bush":1,"minecraft:spruce_log":6,"minecraft:coal_ore":22,"minecraft:deepslate_iron_ore":9,"minecraft:dirt":1,"minecraft:stone":36,"minecraft:small_dripleaf":1,"minecraft:fern":1},"minecraft:crafted":{"minecraft:cooked_beef":6,"minecraft:crafting_table":1,"minecraft:spruce_planks":32,"minecraft:cooked_chicken":2,"minecraft:furnace":2,"minecraft:stone_axe":1,"minecraft:air":0,"minecraft:iron_chestplate":1,"minecraft:stick":8,"minecraft:iron_ingot":17,"minecraft:iron_pickaxe":1,"minecraft:stone_pickaxe":1,"minecraft:stone_sword":1,"minecraft:torch":4}},"DataVersion":3465}