{"stats":{"minecraft:used":{"minecraft:stone_sword":33,"minecraft:tropical_fish":2,"minecraft:stone_pickaxe":89,"minecraft:wooden_pickaxe":17,"minecraft:cooked_chicken":2,"minecraft:torch":3,"minecraft:glow_berries":1,"minecraft:dirt":5,"minecraft:crafting_table":2,"tombstone:bag_of_seeds":1,"minecraft:iron_pickaxe":9,"minecraft:spruce_sapling":1,"minecraft:stone_axe":10,"minecraft:cobblestone":1,"minecraft:sweet_berries":5,"minecraft:furnace":2,"tombstone:gift":1,"minecraft:cooked_beef":6,"minecraft:dark_oak_sapling":1},"minecraft:custom":{"minecraft:interact_with_furnace":14,"minecraft:mob_kills":14,"minecraft:interact_with_crafting_table":13,"minecraft:leave_game":4,"minecraft:time_since_death":2463,"minecraft:climb_one_cm":782,"minecraft:time_since_rest":2143,"minecraft:sprint_one_cm":201578,"minecraft:damage_taken":3048,"minecraft:walk_one_cm":89764,"minecraft:drop":15,"minecraft:damage_dealt":2244,"minecraft:player_kills":1,"minecraft:swim_one_cm":51371,"minecraft:fly_one_cm":382980,"minecraft:open_chest":1,"minecraft:crouch_one_cm":7621,"minecraft:play_time":68777,"tombstone:undead_killed":5,"minecraft:deaths":9,"minecraft:sneak_time":2413,"minecraft:walk_under_water_one_cm":15979,"tombstone:tomb_raiding":1,"minecraft:jump":1798,"minecraft:walk_on_water_one_cm":14087,"minecraft:total_world_time":68777,"minecraft:fall_one_cm":48202},"minecraft:dropped":{"minecraft:moss_block":1,"minecraft:wheat_seeds":2,"minecraft:cocoa_beans":3,"minecraft:pumpkin_seeds":3,"minecraft:stick":10,"minecraft:dirt":1,"minecraft:spruce_planks":21,"minecraft:melon_seeds":4,"minecraft:azalea":1,"minecraft:arrow":2,"minecraft:stone_pickaxe":1,"minecraft:wooden_pickaxe":2,"minecraft:string":1},"minecraft:killed":{"minecraft:spider":2,"minecraft:creeper":1,"minecraft:sheep":1,"minecraft:skeleton":2,"minecraft:zombie":3,"minecraft:chicken":2,"minecraft:cow":2},"minecraft:killed_by":{"minecraft:player":1,"minecraft:skeleton":4,"minecraft:zombie":2},"minecraft:picked_up":{"minecraft:crafting_table":2,"minecraft:feather":4,"minecraft:chicken":2,"minecraft:leather":2,"minecraft:wooden_pickaxe":1,"minecraft:dirt":6,"minecraft:string":1,"minecraft:raw_copper":7,"minecraft:bone":1,"minecraft:wheat_seeds":1,"minecraft:raw_gold":2,"minecraft:iron_ingot":1,"minecraft:beef":6,"minecraft:azalea":3,"tombstone:bag_of_seeds":2,"minecraft:melon_slice":38,"minecraft:moss_block":1,"minecraft:furnace":2,"minecraft:dark_oak_sapling":1,"minecraft:stick":2,"minecraft:raw_iron":29,"minecraft:sweet_berries":3,"minecraft:torch":3,"minecraft:spruce_log":9,"minecraft:spider_eye":1,"minecraft:arrow":3,"minecraft:rotten_flesh":2,"minecraft:diamond":1,"minecraft:tropical_fish":2,"minecraft:black_wool":1,"minecraft:glow_berries":1,"minecraft:mutton":1,"minecraft:coal":48,"minecraft:cobblestone":40},"minecraft:mined":{"minecraft:deepslate_diamond_ore":1,"minecraft:crafting_table":2,"minecraft:glow_lichen":1,"minecraft:melon":8,"minecraft:grass_block":5,"minecraft:tall_grass":1,"minecraft:copper_ore":2,"minecraft:deepslate_coal_ore":5,"minecraft:spruce_leaves":13,"minecraft:deepslate_gold_ore":2,"minecraft:moss_block":1,"minecraft:wall_torch":2,"minecraft:large_fern":2,"minecraft:furnace":2,"minecraft:iron_ore":16,"minecraft:sweet_berry_bush":1,"minecraft:spruce_log":6,"minecraft:grass":4,"minecraft:vine":1,"minecraft:coal_ore":22,"minecraft:deepslate_iron_ore":9,"minecraft:dirt":1,"minecraft:stone":36,"minecraft:small_dripleaf":1,"minecraft:fern":2},"minecraft:crafted":{"minecraft:cooked_beef":6,"minecraft:crafting_table":1,"minecraft:spruce_planks":32,"minecraft:cooked_chicken":2,"minecraft:furnace":2,"minecraft:stone_axe":1,"minecraft:air":0,"minecraft:iron_chestplate":1,"minecraft:stick":8,"minecraft:iron_ingot":17,"minecraft:iron_pickaxe":1,"minecraft:stone_pickaxe":1,"minecraft:stone_sword":1,"minecraft:torch":4}},"DataVersion":3465}