{"stats":{"minecraft:used":{"minecraft:stone_sword":7,"minecraft:stone_pickaxe":82,"minecraft:wooden_pickaxe":17,"minecraft:torch":1,"minecraft:dirt":4,"minecraft:crafting_table":2,"minecraft:spruce_sapling":1,"minecraft:stone_axe":1,"minecraft:cobblestone":1,"minecraft:sweet_berries":5,"minecraft:furnace":2,"tombstone:gift":1,"minecraft:cooked_beef":2,"minecraft:dark_oak_sapling":1},"minecraft:custom":{"minecraft:interact_with_furnace":5,"minecraft:mob_kills":9,"minecraft:interact_with_crafting_table":11,"minecraft:leave_game":3,"minecraft:time_since_death":17836,"minecraft:time_since_rest":16519,"minecraft:sprint_one_cm":94988,"minecraft:damage_taken":1150,"minecraft:walk_one_cm":59052,"minecraft:drop":6,"minecraft:damage_dealt":1302,"minecraft:swim_one_cm":10751,"minecraft:fly_one_cm":129626,"minecraft:player_kills":1,"minecraft:crouch_one_cm":5481,"minecraft:play_time":35766,"tombstone:undead_killed":2,"minecraft:deaths":4,"minecraft:sneak_time":1874,"minecraft:walk_under_water_one_cm":11055,"tombstone:tomb_raiding":1,"minecraft:jump":819,"minecraft:walk_on_water_one_cm":8627,"minecraft:total_world_time":35766,"minecraft:fall_one_cm":16082},"minecraft:dropped":{"minecraft:wheat_seeds":1,"minecraft:stick":10,"minecraft:dirt":1,"minecraft:spruce_planks":21,"minecraft:wooden_pickaxe":1,"minecraft:string":1},"minecraft:killed":{"minecraft:spider":2,"minecraft:creeper":1,"minecraft:zombie":2,"minecraft:chicken":2,"minecraft:cow":2},"minecraft:killed_by":{"minecraft:player":1,"minecraft:skeleton":1,"minecraft:zombie":1},"minecraft:picked_up":{"minecraft:crafting_table":1,"minecraft:feather":4,"minecraft:chicken":2,"minecraft:leather":2,"minecraft:wooden_pickaxe":1,"minecraft:dirt":5,"minecraft:string":1,"minecraft:raw_copper":7,"minecraft:beef":6,"minecraft:azalea":1,"minecraft:moss_block":1,"minecraft:dark_oak_sapling":1,"minecraft:stick":2,"minecraft:raw_iron":22,"minecraft:sweet_berries":3,"minecraft:torch":1,"minecraft:spruce_log":9,"minecraft:spider_eye":1,"minecraft:tropical_fish":2,"minecraft:glow_berries":1,"minecraft:coal":17,"minecraft:cobblestone":40},"minecraft:mined":{"minecraft:crafting_table":1,"minecraft:grass_block":4,"minecraft:copper_ore":2,"minecraft:deepslate_coal_ore":5,"minecraft:spruce_leaves":13,"minecraft:moss_block":1,"minecraft:wall_torch":1,"minecraft:iron_ore":16,"minecraft:sweet_berry_bush":1,"minecraft:spruce_log":6,"minecraft:coal_ore":15,"minecraft:deepslate_iron_ore":6,"minecraft:dirt":1,"minecraft:stone":36,"minecraft:small_dripleaf":1,"minecraft:fern":1},"minecraft:crafted":{"minecraft:cooked_beef":3,"minecraft:crafting_table":1,"minecraft:spruce_planks":32,"minecraft:furnace":2,"minecraft:stone_axe":1,"minecraft:air":0,"minecraft:stick":8,"minecraft:stone_pickaxe":1,"minecraft:stone_sword":1,"minecraft:torch":4}},"DataVersion":3465}