{"stats":{"minecraft:crafted":{"minecraft:oak_planks":8,"minecraft:cooked_chicken":2,"minecraft:furnace":3,"minecraft:iron_boots":1,"minecraft:stone_pickaxe":1,"minecraft:chest":1,"minecraft:wheat":100,"minecraft:cooked_beef":7,"minecraft:cooked_porkchop":2,"minecraft:crafting_table":3,"minecraft:spruce_planks":32,"minecraft:stone_axe":1,"immersive_aircraft:propeller":1,"minecraft:bread":37,"minecraft:air":0,"minecraft:iron_chestplate":1,"minecraft:stick":12,"minecraft:iron_pickaxe":2,"minecraft:iron_ingot":28,"minecraft:stone_sword":1,"minecraft:iron_leggings":1,"minecraft:torch":4},"minecraft:dropped":{"minecraft:enchanted_book":1,"minecraft:bread":37,"minecraft:iron_sword":2,"minecraft:moss_block":1,"minecraft:wheat_seeds":14,"minecraft:feather":4,"minecraft:cobblestone":45,"minecraft:stick":10,"minecraft:dirt":1,"tombstone:bag_of_seeds":1,"minecraft:map":8,"minecraft:iron_pickaxe":1,"minecraft:paper":5,"minecraft:string":2,"minecraft:gold_ingot":4,"minecraft:bone":3,"minecraft:stone_sword":2,"minecraft:cobbled_deepslate":3,"minecraft:cocoa_beans":3,"minecraft:wheat":9,"minecraft:stone_shovel":2,"minecraft:cherry_sapling":2,"minecraft:pumpkin_seeds":3,"minecraft:hay_block":4,"minecraft:bundle":2,"minecraft:spruce_planks":37,"minecraft:melon_seeds":4,"minecraft:azalea":1,"minecraft:spider_eye":1,"minecraft:stone_bricks":3,"minecraft:arrow":3,"minecraft:stone_pickaxe":1,"minecraft:wooden_pickaxe":2,"minecraft:raw_gold":3,"minecraft:calcite":1},"minecraft:mined":{"minecraft:deepslate_diamond_ore":11,"minecraft:glow_lichen":1,"minecraft:grass_block":9,"minecraft:spruce_fence":2,"minecraft:spruce_leaves":21,"minecraft:cartography_table":1,"minecraft:moss_block":1,"minecraft:spawner":2,"minecraft:large_fern":2,"minecraft:hay_block":12,"minecraft:furnace":4,"minecraft:iron_ore":17,"minecraft:fire":4,"minecraft:andesite":65,"minecraft:deepslate_iron_ore":12,"minecraft:vine":1,"minecraft:stone":81,"minecraft:crafting_table":2,"minecraft:calcite":1,"minecraft:melon":8,"minecraft:tall_grass":32,"minecraft:copper_ore":2,"minecraft:cobblestone":7,"minecraft:deepslate_coal_ore":5,"minecraft:deepslate_gold_ore":2,"minecraft:wall_torch":10,"minecraft:purple_bed":3,"minecraft:sweet_berry_bush":23,"minecraft:wheat":4,"minecraft:spruce_log":6,"minecraft:grass":41,"minecraft:oak_log":8,"minecraft:coal_ore":22,"minecraft:dirt":13,"minecraft:cobweb":1,"minecraft:cracked_stone_bricks":1,"minecraft:stone_bricks":4,"minecraft:small_dripleaf":1,"minecraft:oak_leaves":3,"minecraft:deepslate":79,"minecraft:fern":4},"minecraft:picked_up":{"minecraft:crafting_table":2,"minecraft:wheat":21,"minecraft:chicken":2,"minecraft:clay_ball":30,"minecraft:wooden_pickaxe":1,"minecraft:enchanted_book":1,"minecraft:string":7,"minecraft:raw_copper":65,"minecraft:cartography_table":1,"minecraft:cobbled_deepslate":76,"minecraft:spruce_planks":32,"minecraft:beef":20,"minecraft:calcite":1,"minecraft:azalea":3,"minecraft:iron_pickaxe":1,"minecraft:melon_slice":38,"minecraft:furnace":4,"minecraft:dark_oak_sapling":1,"minecraft:raw_iron":33,"minecraft:stick":4,"minecraft:cherry_stairs":1,"minecraft:torch":16,"minecraft:porkchop":2,"tombstone:grave_dust":2,"minecraft:stone_sword":2,"minecraft:stone_shovel":2,"minecraft:rotten_flesh":9,"minecraft:arrow":5,"minecraft:tropical_fish":2,"minecraft:hay_block":16,"minecraft:glow_berries":44,"minecraft:mutton":4,"minecraft:white_wool":1,"minecraft:cobblestone":137,"minecraft:feather":4,"minecraft:andesite":65,"minecraft:salmon":1,"minecraft:leather":7,"minecraft:oak_log":8,"immersive_aircraft:gyrodyne":3,"minecraft:dirt":22,"minecraft:bone":6,"minecraft:stone_bricks":4,"minecraft:wheat_seeds":18,"minecraft:raw_gold":5,"minecraft:stone_pickaxe":1,"minecraft:iron_ingot":11,"tombstone:bag_of_seeds":2,"minecraft:moss_block":1,"minecraft:iron_sword":1,"minecraft:sweet_berries":54,"minecraft:spruce_log":9,"minecraft:spider_eye":3,"minecraft:bundle":2,"minecraft:purple_bed":3,"minecraft:diamond":9,"minecraft:cherry_sapling":2,"minecraft:bread":37,"minecraft:black_wool":2,"minecraft:coal":48},"minecraft:broken":{"minecraft:stone_pickaxe":1},"minecraft:killed":{"minecraft:cave_spider":2,"minecraft:spider":6,"minecraft:skeleton":3,"minecraft:chicken":2,"minecraft:pig":1,"minecraft:salmon":1,"minecraft:creeper":1,"minecraft:sheep":3,"minecraft:zombie":11,"minecraft:cow":8},"minecraft:used":{"minecraft:azalea":2,"minecraft:stone_sword":38,"minecraft:tropical_fish":2,"minecraft:stone_shovel":6,"minecraft:chest":1,"minecraft:iron_sword":39,"minecraft:rotten_flesh":1,"minecraft:cooked_chicken":2,"minecraft:iron_chestplate":1,"minecraft:torch":20,"minecraft:dirt":15,"minecraft:mutton":4,"minecraft:stone_bricks":1,"minecraft:beef":12,"minecraft:sweet_berries":25,"minecraft:furnace":4,"tombstone:gift":3,"minecraft:cooked_beef":7,"minecraft:potato":7,"minecraft:cobbled_deepslate":13,"minecraft:dark_oak_sapling":1,"minecraft:leather_leggings":1,"minecraft:stone_pickaxe":208,"minecraft:wooden_pickaxe":17,"minecraft:salmon":1,"minecraft:glow_berries":1,"minecraft:crafting_table":5,"minecraft:crossbow":1,"tombstone:bag_of_seeds":1,"minecraft:apple":5,"minecraft:bread":26,"minecraft:iron_pickaxe":138,"minecraft:spruce_sapling":1,"minecraft:stone_axe":17,"minecraft:cherry_stairs":1,"minecraft:cobblestone":12,"travelersbackpack:standard":4,"minecraft:purple_bed":3,"minecraft:cooked_porkchop":2,"minecraft:andesite":21,"immersive_aircraft:gyrodyne":3},"minecraft:killed_by":{"minecraft:player":1,"minecraft:creeper":1,"minecraft:skeleton":4,"minecraft:zombie":3},"minecraft:custom":{"minecraft:mob_kills":39,"minecraft:interact_with_crafting_table":28,"minecraft:open_barrel":18,"minecraft:eat_cake_slice":3,"minecraft:leave_game":7,"minecraft:time_since_death":12863,"minecraft:climb_one_cm":3270,"minecraft:sprint_one_cm":541186,"minecraft:walk_one_cm":245139,"minecraft:drop":51,"minecraft:talked_to_villager":17,"minecraft:play_time":182801,"minecraft:deaths":13,"minecraft:sneak_time":6635,"minecraft:walk_under_water_one_cm":20550,"tombstone:tomb_raiding":1,"minecraft:jump":5074,"minecraft:interact_with_blast_furnace":1,"minecraft:walk_on_water_one_cm":26298,"minecraft:total_world_time":182801,"minecraft:interact_with_furnace":24,"minecraft:interact_with_grindstone":2,"minecraft:sleep_in_bed":4,"minecraft:time_since_rest":11315,"minecraft:damage_taken":6057,"minecraft:damage_dealt":5834,"minecraft:swim_one_cm":85367,"minecraft:fly_one_cm":1023471,"minecraft:player_kills":1,"minecraft:open_chest":51,"minecraft:crouch_one_cm":17304,"tombstone:undead_killed":14,"minecraft:interact_with_smoker":2,"minecraft:fall_one_cm":159906}},"DataVersion":3465}