{"stats":{"minecraft:used":{"minecraft:dirt":2,"tombstone:gift":1,"minecraft:spruce_sapling":1},"minecraft:custom":{"minecraft:time_since_rest":7018,"tombstone:undead_killed":1,"minecraft:crouch_one_cm":158,"minecraft:sprint_one_cm":42333,"minecraft:play_time":11766,"minecraft:deaths":2,"minecraft:damage_taken":545,"minecraft:walk_one_cm":23304,"minecraft:sneak_time":28,"minecraft:mob_kills":3,"minecraft:drop":6,"tombstone:tomb_raiding":1,"minecraft:jump":302,"minecraft:damage_dealt":534,"minecraft:leave_game":3,"minecraft:time_since_death":7200,"minecraft:total_world_time":11766,"minecraft:player_kills":1,"minecraft:fall_one_cm":4034,"minecraft:fly_one_cm":33957},"minecraft:dropped":{"minecraft:dirt":1,"minecraft:wheat_seeds":1,"minecraft:wooden_pickaxe":1,"minecraft:string":1,"minecraft:spruce_planks":21,"minecraft:stick":10},"minecraft:killed":{"minecraft:spider":2,"minecraft:zombie":1},"minecraft:killed_by":{"minecraft:player":1},"minecraft:picked_up":{"minecraft:spruce_log":3,"minecraft:dirt":3,"minecraft:spider_eye":1,"minecraft:string":1},"minecraft:mined":{"minecraft:grass_block":3,"minecraft:spruce_leaves":9}},"DataVersion":3465}