{"stats":{"minecraft:broken":{"minecraft:stone_pickaxe":1},"minecraft:killed_by":{"minecraft:player":1,"minecraft:creeper":1,"minecraft:skeleton":4,"minecraft:zombie":4},"minecraft:picked_up":{"minecraft:crafting_table":2,"minecraft:wheat":21,"minecraft:chicken":2,"minecraft:clay_ball":30,"minecraft:wooden_pickaxe":1,"minecraft:enchanted_book":1,"minecraft:stripped_cherry_log":1,"minecraft:string":8,"minecraft:raw_copper":66,"minecraft:cartography_table":1,"minecraft:cobbled_deepslate":83,"minecraft:spruce_planks":32,"minecraft:beef":25,"minecraft:calcite":1,"minecraft:azalea":3,"minecraft:iron_pickaxe":1,"minecraft:melon_slice":38,"minecraft:furnace":4,"minecraft:beehive":1,"minecraft:dark_oak_sapling":1,"minecraft:stick":4,"minecraft:raw_iron":33,"minecraft:cherry_stairs":1,"minecraft:oak_door":1,"minecraft:torch":24,"minecraft:porkchop":2,"minecraft:cherry_log":2,"tombstone:grave_dust":4,"minecraft:stone_sword":2,"minecraft:rotten_flesh":21,"minecraft:arrow":7,"minecraft:stone_shovel":2,"minecraft:tropical_fish":2,"minecraft:beetroot_seeds":1,"minecraft:hay_block":16,"minecraft:glow_berries":44,"minecraft:mutton":4,"minecraft:rail":2,"minecraft:white_wool":1,"minecraft:cobblestone":149,"minecraft:enchanting_table":1,"minecraft:pink_petals":5,"minecraft:feather":4,"minecraft:andesite":71,"minecraft:salmon":1,"minecraft:leather":9,"minecraft:smoker":2,"minecraft:oak_log":19,"immersive_aircraft:gyrodyne":4,"minecraft:lapis_lazuli":57,"minecraft:dirt":26,"minecraft:bone":6,"minecraft:stone_bricks":4,"minecraft:wheat_seeds":19,"minecraft:raw_gold":5,"minecraft:stone_pickaxe":1,"minecraft:iron_ingot":11,"tombstone:bag_of_seeds":2,"minecraft:moss_block":1,"minecraft:iron_sword":1,"minecraft:oak_planks":4,"minecraft:book":105,"minecraft:sweet_berries":54,"minecraft:spruce_log":9,"minecraft:spider_eye":3,"travelersbackpack:standard":2,"minecraft:bundle":2,"minecraft:purple_bed":3,"minecraft:stone_axe":1,"minecraft:diamond":11,"minecraft:cherry_sapling":2,"minecraft:bread":37,"minecraft:rooted_dirt":1,"minecraft:black_wool":2,"minecraft:stripped_dark_oak_log":1,"minecraft:coal":50,"minecraft:ender_pearl":2},"minecraft:dropped":{"minecraft:enchanted_book":1,"minecraft:bread":37,"minecraft:iron_sword":2,"minecraft:moss_block":1,"minecraft:wheat_seeds":15,"minecraft:diamond":1,"minecraft:crafting_table":1,"minecraft:feather":4,"minecraft:cobblestone":45,"minecraft:rooted_dirt":1,"minecraft:stick":10,"tombstone:bag_of_seeds":1,"minecraft:dirt":1,"minecraft:map":8,"minecraft:iron_pickaxe":1,"minecraft:paper":5,"minecraft:string":2,"minecraft:pink_petals":5,"minecraft:gold_ingot":4,"minecraft:bone":3,"minecraft:stone_axe":1,"minecraft:raw_copper":1,"minecraft:stone_sword":2,"minecraft:cobbled_deepslate":3,"minecraft:cocoa_beans":3,"minecraft:wheat":9,"minecraft:obsidian":4,"minecraft:stone_shovel":2,"minecraft:cherry_sapling":2,"minecraft:rotten_flesh":10,"minecraft:beehive":1,"minecraft:pumpkin_seeds":3,"minecraft:hay_block":4,"minecraft:bundle":2,"minecraft:spruce_planks":37,"minecraft:beetroot_seeds":1,"minecraft:melon_seeds":4,"minecraft:azalea":1,"minecraft:spider_eye":1,"minecraft:stone_bricks":3,"minecraft:arrow":3,"minecraft:wooden_pickaxe":2,"minecraft:stone_pickaxe":1,"minecraft:raw_gold":3,"minecraft:calcite":1},"minecraft:mined":{"minecraft:deepslate_diamond_ore":16,"minecraft:oak_door":1,"minecraft:cherry_log":2,"minecraft:stripped_cherry_log":1,"minecraft:glow_lichen":1,"minecraft:grass_block":10,"minecraft:spruce_fence":2,"minecraft:spruce_leaves":22,"minecraft:cartography_table":1,"minecraft:moss_block":1,"minecraft:spawner":2,"minecraft:large_fern":3,"minecraft:hay_block":12,"minecraft:furnace":4,"minecraft:iron_ore":17,"minecraft:fire":4,"minecraft:andesite":71,"minecraft:deepslate_lapis_ore":5,"minecraft:enchanting_table":1,"minecraft:dirt_path":1,"minecraft:bookshelf":35,"minecraft:deepslate_iron_ore":12,"minecraft:vine":1,"minecraft:stone":92,"minecraft:smoker":2,"minecraft:stripped_dark_oak_log":1,"travelersbackpack:standard":2,"minecraft:crafting_table":2,"minecraft:torch":2,"minecraft:calcite":1,"minecraft:melon":8,"minecraft:mushroom_stem":9,"minecraft:tall_grass":37,"minecraft:copper_ore":2,"minecraft:cobblestone":8,"minecraft:deepslate_coal_ore":5,"minecraft:deepslate_gold_ore":2,"minecraft:oak_planks":5,"minecraft:wall_torch":15,"minecraft:pink_petals":2,"minecraft:purple_bed":3,"minecraft:beehive":1,"minecraft:wheat":4,"minecraft:sweet_berry_bush":23,"minecraft:spruce_log":6,"minecraft:grass":47,"minecraft:oak_log":19,"minecraft:coal_ore":24,"minecraft:dirt":15,"minecraft:cobweb":1,"minecraft:cracked_stone_bricks":1,"minecraft:stone_bricks":4,"minecraft:small_dripleaf":1,"minecraft:oak_leaves":3,"minecraft:deepslate":89,"minecraft:fern":5},"minecraft:killed":{"minecraft:cave_spider":2,"minecraft:spider":7,"minecraft:skeleton":4,"minecraft:chicken":2,"minecraft:pig":1,"minecraft:salmon":1,"minecraft:creeper":2,"minecraft:sheep":3,"minecraft:zombie":18,"minecraft:enderman":2,"minecraft:cow":10},"minecraft:custom":{"minecraft:mob_kills":54,"minecraft:interact_with_crafting_table":41,"minecraft:open_barrel":27,"minecraft:eat_cake_slice":3,"minecraft:leave_game":10,"minecraft:time_since_death":15554,"minecraft:climb_one_cm":3476,"minecraft:sprint_one_cm":736051,"minecraft:walk_one_cm":347405,"minecraft:drop":68,"minecraft:talked_to_villager":20,"minecraft:play_time":261920,"minecraft:sneak_time":9627,"minecraft:deaths":15,"minecraft:walk_under_water_one_cm":21535,"tombstone:tomb_raiding":1,"minecraft:jump":6328,"minecraft:interact_with_blast_furnace":1,"minecraft:walk_on_water_one_cm":33112,"minecraft:total_world_time":261920,"minecraft:interact_with_furnace":29,"minecraft:interact_with_grindstone":2,"minecraft:sleep_in_bed":6,"minecraft:time_since_rest":15237,"minecraft:damage_taken":6981,"minecraft:damage_dealt":8888,"minecraft:player_kills":1,"minecraft:swim_one_cm":85367,"minecraft:fly_one_cm":1247835,"minecraft:open_chest":112,"minecraft:crouch_one_cm":24767,"tombstone:undead_killed":22,"minecraft:interact_with_smoker":3,"minecraft:fall_one_cm":198369},"minecraft:used":{"minecraft:azalea":2,"minecraft:stone_sword":38,"minecraft:enchanting_table":1,"minecraft:tropical_fish":2,"minecraft:stone_shovel":6,"minecraft:spruce_planks":2,"minecraft:chest":3,"minecraft:iron_sword":92,"minecraft:cooked_chicken":2,"minecraft:rotten_flesh":2,"minecraft:iron_chestplate":1,"minecraft:oak_door":1,"minecraft:torch":31,"minecraft:dirt":19,"minecraft:mutton":4,"minecraft:golden_shovel":3,"minecraft:bookshelf":3,"minecraft:stone_bricks":1,"minecraft:beef":12,"minecraft:sweet_berries":25,"minecraft:furnace":4,"tombstone:gift":3,"minecraft:cooked_beef":7,"minecraft:potato":7,"minecraft:cobbled_deepslate":13,"minecraft:dark_oak_sapling":1,"minecraft:leather_leggings":1,"minecraft:stone_pickaxe":208,"minecraft:wooden_pickaxe":17,"minecraft:spruce_sign":3,"minecraft:salmon":1,"minecraft:glow_berries":1,"minecraft:stripped_dark_oak_log":1,"minecraft:crafting_table":5,"minecraft:crossbow":1,"tombstone:bag_of_seeds":1,"minecraft:apple":5,"minecraft:bread":48,"minecraft:iron_pickaxe":183,"minecraft:spruce_sapling":1,"minecraft:stone_axe":88,"minecraft:cobblestone":26,"minecraft:cherry_stairs":1,"minecraft:purple_bed":3,"travelersbackpack:standard":6,"minecraft:cooked_porkchop":2,"minecraft:andesite":27,"immersive_aircraft:gyrodyne":4},"minecraft:crafted":{"minecraft:cherry_planks":12,"minecraft:oak_planks":68,"minecraft:cooked_chicken":2,"minecraft:furnace":3,"minecraft:bookshelf":9,"minecraft:iron_boots":1,"minecraft:raw_copper":36,"minecraft:stone_pickaxe":1,"minecraft:chest":3,"minecraft:wheat":100,"minecraft:cooked_beef":7,"minecraft:cooked_porkchop":2,"minecraft:spruce_sign":3,"minecraft:crafting_table":4,"minecraft:spruce_planks":32,"minecraft:enchanting_table":1,"minecraft:stone_axe":1,"immersive_aircraft:propeller":1,"minecraft:bread":37,"minecraft:air":0,"minecraft:iron_chestplate":1,"minecraft:stick":12,"minecraft:iron_ingot":28,"minecraft:iron_pickaxe":2,"minecraft:stone_sword":1,"minecraft:iron_leggings":1,"minecraft:torch":4,"minecraft:diamond_chestplate":1}},"DataVersion":3465}