{"stats":{"minecraft:used":{"minecraft:stone_pickaxe":7,"minecraft:wooden_pickaxe":17,"minecraft:spruce_sapling":1,"minecraft:dirt":2,"tombstone:gift":1},"minecraft:custom":{"minecraft:time_since_rest":4519,"minecraft:sprint_one_cm":77877,"minecraft:damage_taken":1030,"minecraft:walk_one_cm":46081,"minecraft:mob_kills":4,"minecraft:drop":6,"minecraft:damage_dealt":822,"minecraft:swim_one_cm":852,"minecraft:fly_one_cm":98672,"minecraft:interact_with_crafting_table":3,"minecraft:player_kills":1,"minecraft:crouch_one_cm":1526,"minecraft:play_time":23766,"tombstone:undead_killed":2,"minecraft:deaths":4,"minecraft:sneak_time":476,"minecraft:walk_under_water_one_cm":2812,"tombstone:tomb_raiding":1,"minecraft:jump":616,"minecraft:leave_game":3,"minecraft:walk_on_water_one_cm":2799,"minecraft:time_since_death":5836,"minecraft:total_world_time":23766,"minecraft:fall_one_cm":9242},"minecraft:dropped":{"minecraft:dirt":1,"minecraft:wheat_seeds":1,"minecraft:spruce_planks":21,"minecraft:wooden_pickaxe":1,"minecraft:string":1,"minecraft:stick":10},"minecraft:killed":{"minecraft:zombie":2,"minecraft:spider":2},"minecraft:killed_by":{"minecraft:player":1,"minecraft:skeleton":1,"minecraft:zombie":1},"minecraft:picked_up":{"minecraft:stick":2,"minecraft:raw_iron":1,"minecraft:wooden_pickaxe":1,"minecraft:spruce_log":9,"minecraft:string":1,"minecraft:spider_eye":1,"minecraft:dirt":4,"minecraft:raw_copper":7,"minecraft:cobblestone":16},"minecraft:mined":{"minecraft:iron_ore":1,"minecraft:spruce_log":6,"minecraft:grass_block":3,"minecraft:dirt":1,"minecraft:copper_ore":2,"minecraft:spruce_leaves":13,"minecraft:stone":12},"minecraft:crafted":{"minecraft:spruce_planks":32,"minecraft:stick":8,"minecraft:stone_pickaxe":1}},"DataVersion":3465}