{"stats":{"minecraft:crafted":{"minecraft:cooked_beef":6,"minecraft:crafting_table":1,"minecraft:spruce_planks":32,"minecraft:cooked_chicken":2,"minecraft:furnace":2,"minecraft:stone_axe":1,"immersive_aircraft:propeller":1,"minecraft:air":0,"minecraft:iron_chestplate":1,"minecraft:stick":8,"minecraft:iron_ingot":17,"minecraft:iron_pickaxe":1,"minecraft:stone_pickaxe":1,"minecraft:stone_sword":1,"minecraft:chest":1,"minecraft:torch":4},"minecraft:dropped":{"minecraft:moss_block":1,"minecraft:wheat_seeds":2,"minecraft:cocoa_beans":3,"minecraft:pumpkin_seeds":3,"minecraft:stick":10,"minecraft:dirt":1,"minecraft:spruce_planks":37,"minecraft:melon_seeds":4,"minecraft:azalea":1,"minecraft:stone_bricks":3,"minecraft:spider_eye":1,"minecraft:arrow":3,"minecraft:wooden_pickaxe":2,"minecraft:stone_pickaxe":1,"minecraft:string":1,"minecraft:bone":3},"minecraft:mined":{"minecraft:deepslate_diamond_ore":1,"minecraft:crafting_table":2,"minecraft:glow_lichen":1,"minecraft:spruce_fence":2,"minecraft:grass_block":6,"minecraft:melon":8,"minecraft:copper_ore":2,"minecraft:tall_grass":4,"minecraft:cobblestone":1,"minecraft:deepslate_coal_ore":5,"minecraft:spruce_leaves":13,"minecraft:deepslate_gold_ore":2,"minecraft:moss_block":1,"minecraft:cartography_table":1,"minecraft:wall_torch":2,"minecraft:large_fern":2,"minecraft:hay_block":12,"minecraft:purple_bed":3,"minecraft:furnace":3,"minecraft:iron_ore":16,"minecraft:sweet_berry_bush":1,"minecraft:spruce_log":6,"minecraft:grass":7,"minecraft:coal_ore":22,"minecraft:deepslate_iron_ore":9,"minecraft:vine":1,"minecraft:dirt":6,"minecraft:cracked_stone_bricks":1,"minecraft:stone":53,"minecraft:stone_bricks":4,"minecraft:small_dripleaf":1,"minecraft:fern":2},"minecraft:picked_up":{"minecraft:crafting_table":2,"minecraft:feather":4,"minecraft:chicken":2,"minecraft:leather":2,"minecraft:wooden_pickaxe":1,"minecraft:dirt":12,"minecraft:string":1,"minecraft:raw_copper":7,"minecraft:bone":6,"minecraft:stone_bricks":4,"minecraft:wheat_seeds":1,"minecraft:cartography_table":1,"minecraft:raw_gold":2,"minecraft:spruce_planks":32,"minecraft:iron_ingot":1,"minecraft:beef":6,"minecraft:azalea":3,"tombstone:bag_of_seeds":2,"minecraft:melon_slice":38,"minecraft:moss_block":1,"minecraft:furnace":3,"minecraft:dark_oak_sapling":1,"minecraft:stick":4,"minecraft:raw_iron":29,"minecraft:sweet_berries":3,"minecraft:torch":4,"minecraft:spruce_log":9,"minecraft:spider_eye":1,"minecraft:rotten_flesh":2,"minecraft:arrow":5,"minecraft:purple_bed":3,"minecraft:diamond":1,"minecraft:tropical_fish":2,"minecraft:hay_block":12,"minecraft:black_wool":1,"minecraft:glow_berries":1,"minecraft:mutton":1,"minecraft:coal":48,"minecraft:cobblestone":58},"minecraft:killed":{"minecraft:spider":2,"minecraft:creeper":1,"minecraft:skeleton":3,"minecraft:sheep":1,"minecraft:zombie":3,"minecraft:chicken":2,"minecraft:cow":2},"minecraft:used":{"minecraft:stone_sword":37,"minecraft:tropical_fish":2,"minecraft:stone_pickaxe":89,"minecraft:chest":1,"minecraft:wooden_pickaxe":17,"minecraft:cooked_chicken":2,"minecraft:glow_berries":1,"minecraft:torch":3,"minecraft:dirt":5,"minecraft:mutton":1,"minecraft:crossbow":1,"minecraft:crafting_table":3,"tombstone:bag_of_seeds":1,"minecraft:apple":1,"minecraft:bread":6,"minecraft:iron_pickaxe":39,"minecraft:spruce_sapling":1,"minecraft:stone_axe":13,"minecraft:stone_bricks":1,"minecraft:cobblestone":10,"minecraft:purple_bed":2,"minecraft:sweet_berries":5,"minecraft:furnace":2,"immersive_aircraft:gyrodyne":1,"tombstone:gift":1,"minecraft:cooked_beef":6,"minecraft:dark_oak_sapling":1},"minecraft:killed_by":{"minecraft:player":1,"minecraft:skeleton":4,"minecraft:creeper":1,"minecraft:zombie":2},"minecraft:custom":{"minecraft:interact_with_furnace":15,"minecraft:mob_kills":15,"minecraft:interact_with_crafting_table":15,"minecraft:open_barrel":1,"minecraft:leave_game":6,"minecraft:time_since_death":4550,"minecraft:eat_cake_slice":3,"minecraft:climb_one_cm":2974,"minecraft:sleep_in_bed":2,"minecraft:time_since_rest":2151,"minecraft:sprint_one_cm":301687,"minecraft:damage_taken":3993,"minecraft:walk_one_cm":122753,"minecraft:drop":22,"minecraft:damage_dealt":2444,"minecraft:player_kills":1,"minecraft:swim_one_cm":55494,"minecraft:talked_to_villager":6,"minecraft:fly_one_cm":616979,"minecraft:open_chest":14,"minecraft:play_time":100812,"minecraft:crouch_one_cm":9380,"minecraft:sneak_time":2864,"tombstone:undead_killed":6,"minecraft:deaths":11,"minecraft:walk_under_water_one_cm":16128,"tombstone:tomb_raiding":1,"minecraft:jump":2731,"minecraft:walk_on_water_one_cm":16231,"minecraft:total_world_time":100812,"minecraft:fall_one_cm":78898}},"DataVersion":3465}