{"stats":{"minecraft:crafted":{"minecraft:cooked_chicken":2,"minecraft:furnace":2,"minecraft:stone_pickaxe":1,"minecraft:chest":1,"minecraft:wheat":100,"minecraft:cooked_beef":7,"minecraft:cooked_porkchop":2,"minecraft:crafting_table":1,"minecraft:spruce_planks":32,"minecraft:stone_axe":1,"immersive_aircraft:propeller":1,"minecraft:bread":37,"minecraft:air":0,"minecraft:iron_chestplate":1,"minecraft:stick":8,"minecraft:iron_pickaxe":1,"minecraft:iron_ingot":17,"minecraft:stone_sword":1,"minecraft:torch":4},"minecraft:dropped":{"minecraft:moss_block":1,"minecraft:wheat_seeds":14,"minecraft:stick":10,"minecraft:dirt":1,"minecraft:string":1,"minecraft:bone":3,"minecraft:cocoa_beans":3,"minecraft:wheat":9,"minecraft:pumpkin_seeds":3,"minecraft:hay_block":4,"minecraft:spruce_planks":37,"minecraft:melon_seeds":4,"minecraft:azalea":1,"minecraft:spider_eye":1,"minecraft:stone_bricks":3,"minecraft:arrow":3,"minecraft:stone_pickaxe":1,"minecraft:wooden_pickaxe":2},"minecraft:mined":{"minecraft:deepslate_diamond_ore":1,"minecraft:glow_lichen":1,"minecraft:grass_block":8,"minecraft:spruce_fence":2,"minecraft:spruce_leaves":13,"minecraft:cartography_table":1,"minecraft:moss_block":1,"minecraft:large_fern":2,"minecraft:hay_block":12,"minecraft:furnace":3,"minecraft:iron_ore":16,"minecraft:deepslate_iron_ore":9,"minecraft:vine":1,"minecraft:stone":53,"minecraft:crafting_table":2,"minecraft:melon":8,"minecraft:tall_grass":32,"minecraft:copper_ore":2,"minecraft:cobblestone":1,"minecraft:deepslate_coal_ore":5,"minecraft:deepslate_gold_ore":2,"minecraft:wall_torch":3,"minecraft:purple_bed":3,"minecraft:sweet_berry_bush":22,"minecraft:wheat":4,"minecraft:spruce_log":6,"minecraft:grass":39,"minecraft:coal_ore":22,"minecraft:dirt":7,"minecraft:cracked_stone_bricks":1,"minecraft:stone_bricks":4,"minecraft:small_dripleaf":1,"minecraft:oak_leaves":3,"minecraft:fern":4},"minecraft:picked_up":{"minecraft:crafting_table":2,"minecraft:wheat":21,"minecraft:chicken":2,"minecraft:wooden_pickaxe":1,"minecraft:string":1,"minecraft:raw_copper":7,"minecraft:cartography_table":1,"minecraft:spruce_planks":32,"minecraft:beef":20,"minecraft:azalea":3,"minecraft:melon_slice":38,"minecraft:furnace":3,"minecraft:dark_oak_sapling":1,"minecraft:raw_iron":29,"minecraft:stick":4,"minecraft:torch":5,"minecraft:porkchop":2,"minecraft:rotten_flesh":2,"minecraft:arrow":5,"minecraft:tropical_fish":2,"minecraft:hay_block":16,"minecraft:glow_berries":1,"minecraft:mutton":4,"minecraft:white_wool":1,"minecraft:cobblestone":58,"minecraft:feather":4,"minecraft:salmon":1,"minecraft:leather":7,"immersive_aircraft:gyrodyne":1,"minecraft:dirt":15,"minecraft:bone":6,"minecraft:stone_bricks":4,"minecraft:wheat_seeds":18,"minecraft:raw_gold":2,"minecraft:iron_ingot":1,"tombstone:bag_of_seeds":2,"minecraft:moss_block":1,"minecraft:sweet_berries":54,"minecraft:spruce_log":9,"minecraft:spider_eye":1,"minecraft:purple_bed":3,"minecraft:diamond":1,"minecraft:black_wool":2,"minecraft:coal":48},"minecraft:killed":{"minecraft:spider":2,"minecraft:skeleton":3,"minecraft:chicken":2,"minecraft:pig":1,"minecraft:salmon":1,"minecraft:creeper":1,"minecraft:sheep":3,"minecraft:zombie":3,"minecraft:cow":8},"minecraft:used":{"minecraft:azalea":2,"minecraft:stone_sword":37,"minecraft:tropical_fish":2,"minecraft:chest":1,"minecraft:cooked_chicken":2,"minecraft:iron_chestplate":1,"minecraft:torch":4,"minecraft:dirt":8,"minecraft:mutton":4,"minecraft:stone_bricks":1,"minecraft:beef":12,"minecraft:sweet_berries":14,"minecraft:furnace":2,"tombstone:gift":1,"minecraft:cooked_beef":7,"minecraft:potato":7,"minecraft:dark_oak_sapling":1,"minecraft:leather_leggings":1,"minecraft:stone_pickaxe":89,"minecraft:wooden_pickaxe":17,"minecraft:salmon":1,"minecraft:glow_berries":1,"minecraft:crafting_table":3,"minecraft:crossbow":1,"tombstone:bag_of_seeds":1,"minecraft:apple":5,"minecraft:bread":14,"minecraft:iron_pickaxe":39,"minecraft:spruce_sapling":1,"minecraft:stone_axe":13,"minecraft:cobblestone":10,"minecraft:purple_bed":2,"minecraft:cooked_porkchop":2,"immersive_aircraft:gyrodyne":1},"minecraft:killed_by":{"minecraft:player":1,"minecraft:creeper":1,"minecraft:skeleton":4,"minecraft:zombie":2},"minecraft:custom":{"minecraft:mob_kills":25,"minecraft:interact_with_crafting_table":22,"minecraft:open_barrel":1,"minecraft:eat_cake_slice":3,"minecraft:leave_game":7,"minecraft:time_since_death":38539,"minecraft:climb_one_cm":2974,"minecraft:sprint_one_cm":438533,"minecraft:walk_one_cm":161365,"minecraft:drop":27,"minecraft:talked_to_villager":17,"minecraft:play_time":134801,"minecraft:deaths":11,"minecraft:sneak_time":2997,"minecraft:walk_under_water_one_cm":19954,"tombstone:tomb_raiding":1,"minecraft:jump":4183,"minecraft:interact_with_blast_furnace":1,"minecraft:walk_on_water_one_cm":22224,"minecraft:total_world_time":134801,"minecraft:interact_with_furnace":16,"minecraft:interact_with_grindstone":2,"minecraft:sleep_in_bed":3,"minecraft:time_since_rest":31267,"minecraft:damage_taken":4901,"minecraft:damage_dealt":3334,"minecraft:swim_one_cm":80214,"minecraft:fly_one_cm":897133,"minecraft:player_kills":1,"minecraft:open_chest":37,"minecraft:crouch_one_cm":9852,"tombstone:undead_killed":6,"minecraft:interact_with_smoker":2,"minecraft:fall_one_cm":140121}},"DataVersion":3465}