{"stats":{"minecraft:crafted":{"minecraft:cooked_chicken":2,"minecraft:furnace":2,"minecraft:iron_boots":1,"minecraft:stone_pickaxe":1,"minecraft:chest":1,"minecraft:wheat":100,"minecraft:cooked_beef":7,"minecraft:cooked_porkchop":2,"minecraft:crafting_table":2,"minecraft:spruce_planks":32,"minecraft:stone_axe":1,"immersive_aircraft:propeller":1,"minecraft:bread":37,"minecraft:air":0,"minecraft:iron_chestplate":1,"minecraft:stick":8,"minecraft:iron_pickaxe":1,"minecraft:iron_ingot":25,"minecraft:stone_sword":1,"minecraft:iron_leggings":1,"minecraft:torch":4},"minecraft:dropped":{"minecraft:moss_block":1,"minecraft:wheat_seeds":14,"minecraft:feather":4,"minecraft:stick":10,"minecraft:dirt":1,"tombstone:bag_of_seeds":1,"minecraft:map":8,"minecraft:paper":5,"minecraft:string":1,"minecraft:bone":3,"minecraft:cocoa_beans":3,"minecraft:wheat":9,"minecraft:pumpkin_seeds":3,"minecraft:hay_block":4,"minecraft:spruce_planks":37,"minecraft:melon_seeds":4,"minecraft:azalea":1,"minecraft:spider_eye":1,"minecraft:stone_bricks":3,"minecraft:arrow":3,"minecraft:stone_pickaxe":1,"minecraft:wooden_pickaxe":2,"minecraft:raw_gold":3,"minecraft:calcite":1},"minecraft:mined":{"minecraft:deepslate_diamond_ore":1,"minecraft:glow_lichen":1,"minecraft:grass_block":8,"minecraft:spruce_fence":2,"minecraft:spruce_leaves":21,"minecraft:cartography_table":1,"minecraft:moss_block":1,"minecraft:large_fern":2,"minecraft:hay_block":12,"minecraft:furnace":3,"minecraft:iron_ore":16,"minecraft:deepslate_iron_ore":9,"minecraft:vine":1,"minecraft:stone":53,"minecraft:crafting_table":2,"minecraft:calcite":1,"minecraft:melon":8,"minecraft:tall_grass":32,"minecraft:copper_ore":2,"minecraft:cobblestone":1,"minecraft:deepslate_coal_ore":5,"minecraft:deepslate_gold_ore":2,"minecraft:wall_torch":7,"minecraft:purple_bed":3,"minecraft:sweet_berry_bush":23,"minecraft:wheat":4,"minecraft:spruce_log":6,"minecraft:grass":39,"minecraft:coal_ore":22,"minecraft:dirt":7,"minecraft:cracked_stone_bricks":1,"minecraft:stone_bricks":4,"minecraft:small_dripleaf":1,"minecraft:oak_leaves":3,"minecraft:fern":4},"minecraft:picked_up":{"minecraft:crafting_table":2,"minecraft:wheat":21,"minecraft:chicken":2,"minecraft:wooden_pickaxe":1,"minecraft:string":1,"minecraft:raw_copper":7,"minecraft:cartography_table":1,"minecraft:spruce_planks":32,"minecraft:beef":20,"minecraft:calcite":1,"minecraft:azalea":3,"minecraft:melon_slice":38,"minecraft:furnace":3,"minecraft:dark_oak_sapling":1,"minecraft:raw_iron":29,"minecraft:stick":4,"minecraft:torch":9,"minecraft:porkchop":2,"minecraft:rotten_flesh":2,"minecraft:arrow":5,"minecraft:tropical_fish":2,"minecraft:hay_block":16,"minecraft:glow_berries":1,"minecraft:mutton":4,"minecraft:white_wool":1,"minecraft:cobblestone":58,"minecraft:feather":4,"minecraft:salmon":1,"minecraft:leather":7,"immersive_aircraft:gyrodyne":2,"minecraft:dirt":15,"minecraft:bone":6,"minecraft:stone_bricks":4,"minecraft:wheat_seeds":18,"minecraft:raw_gold":5,"minecraft:iron_ingot":1,"tombstone:bag_of_seeds":2,"minecraft:moss_block":1,"minecraft:sweet_berries":54,"minecraft:spruce_log":9,"minecraft:spider_eye":1,"minecraft:purple_bed":3,"minecraft:diamond":1,"minecraft:black_wool":2,"minecraft:coal":48},"minecraft:killed":{"minecraft:spider":2,"minecraft:skeleton":3,"minecraft:chicken":2,"minecraft:pig":1,"minecraft:salmon":1,"minecraft:creeper":1,"minecraft:sheep":3,"minecraft:zombie":3,"minecraft:cow":8},"minecraft:used":{"minecraft:azalea":2,"minecraft:stone_sword":38,"minecraft:tropical_fish":2,"minecraft:chest":1,"minecraft:cooked_chicken":2,"minecraft:iron_chestplate":1,"minecraft:torch":8,"minecraft:dirt":8,"minecraft:mutton":4,"minecraft:stone_bricks":1,"minecraft:beef":12,"minecraft:sweet_berries":25,"minecraft:furnace":3,"tombstone:gift":1,"minecraft:cooked_beef":7,"minecraft:potato":7,"minecraft:dark_oak_sapling":1,"minecraft:leather_leggings":1,"minecraft:stone_pickaxe":89,"minecraft:wooden_pickaxe":17,"minecraft:salmon":1,"minecraft:glow_berries":1,"minecraft:crafting_table":4,"minecraft:crossbow":1,"tombstone:bag_of_seeds":1,"minecraft:apple":5,"minecraft:bread":16,"minecraft:iron_pickaxe":48,"minecraft:spruce_sapling":1,"minecraft:stone_axe":13,"minecraft:cobblestone":10,"minecraft:purple_bed":3,"minecraft:cooked_porkchop":2,"immersive_aircraft:gyrodyne":3},"minecraft:killed_by":{"minecraft:player":1,"minecraft:creeper":1,"minecraft:skeleton":4,"minecraft:zombie":2},"minecraft:custom":{"minecraft:mob_kills":25,"minecraft:interact_with_crafting_table":24,"minecraft:open_barrel":1,"minecraft:eat_cake_slice":3,"minecraft:leave_game":7,"minecraft:time_since_death":50539,"minecraft:climb_one_cm":3270,"minecraft:sprint_one_cm":458194,"minecraft:walk_one_cm":178239,"minecraft:drop":34,"minecraft:talked_to_villager":17,"minecraft:play_time":146801,"minecraft:deaths":11,"minecraft:sneak_time":3321,"minecraft:walk_under_water_one_cm":20070,"tombstone:tomb_raiding":1,"minecraft:jump":4444,"minecraft:interact_with_blast_furnace":1,"minecraft:walk_on_water_one_cm":22968,"minecraft:total_world_time":146801,"minecraft:interact_with_furnace":20,"minecraft:interact_with_grindstone":2,"minecraft:sleep_in_bed":4,"minecraft:time_since_rest":5184,"minecraft:damage_taken":4933,"minecraft:damage_dealt":3334,"minecraft:swim_one_cm":85164,"minecraft:fly_one_cm":939742,"minecraft:player_kills":1,"minecraft:open_chest":47,"minecraft:crouch_one_cm":10065,"tombstone:undead_killed":6,"minecraft:interact_with_smoker":2,"minecraft:fall_one_cm":145263}},"DataVersion":3465}